school,website_link,grades_allowed,school_start_date,school_end_date,programs,special_needs_accommodations,contact_info,address,extracurricular_activities,number_students_enrolled,other_pertinent_info
"Boston Public Schools welcomes you
to explore our schools!
We welcome you to tour our schools and meet school leaders to learn which schools are the
best fit for your child at our school information sessions. Schools are holding a combination
of in-person and virtual information sessions. Below are the dates, times, and contact
information for each school. Visit bostonpublicschools.org/schoolpreview or contact the
school for more information.
Baldwin Early Learning Pilot
Adams Elementary (K0-6) Academy (K0-1) Boston Adult Tech Academy (11-12)
165 Webster St., East Boston 121 Corey Rd., Brighton 20 Church Street, Boston
Joanna McKeigue Cruz, Madelin Pizarro:
617-635-8383 Rosie Matos: 617-635-8409 Contact school for more information.
12/5/2025: 8:00 AM - 9:00 AM, (P) 11/13/2025: 9:00 AM - 10:00 AM, (P) Benjamin Helfat",https://www.bostonpublicschools.org/school/boston-public-schools-welcomes-you-to-explore-our-schools-we-welcome-you-to-tour-our-schools-and-meet-school-leaders-to-learn-which-schools-are-the-best-fit-for-your-child-at-our-school-information-sessions-schools-are-holding-a-combination-of-in-person-and-virtual-information-sessions-below-are-the-dates-times-and-contact-information-for-each-school-visit-bostonpublicschoolsorgschoolpreview-or-contact-the-school-for-more-information-baldwin-early-learning-pilot-adams-elementary-k0-6-academy-k0-1-boston-adult-tech-academy-11-12-165-webster-st-east-boston-121-corey-rd-brighton-20-church-street-boston-joanna-mckeigue-cruz-madelin-pizarro-617-635-8383-rosie-matos-617-635-8409-contact-school-for-more-information-1252025-800-am-900-am-p-11132025-900-am-1000-am-p-benjamin-helfat,,,,,,,,,,Error fetching page: 404 Client Error: Not Found for url: https://www.bostonpublicschools.org/school/boston-public-schools-welcomes-you-to-explore-our-schools-we-welcome-you-to-tour-our-schools-and-meet-school-leaders-to-learn-which-schools-are-the-best-fit-for-your-child-at-our-school-information-sessions-schools-are-holding-a-combination-of-in-person-and-virtual-information-sessions-below-are-the-dates-times-and-contact-information-for-each-school-visit-bostonpublicschoolsorgschoolpreview-or-contact-the-school-for-more-information-baldwin-early-learning-pilot-adams-elementary-k0-6-academy-k0-1-boston-adult-tech-academy-11-12-165-webster-st-east-boston-121-corey-rd-brighton-20-church-street-boston-joanna-mckeigue-cruz-madelin-pizarro-617-635-8383-rosie-matos-617-635-8409-contact-school-for-more-information-1252025-800-am-900-am-p-11132025-900-am-1000-am-p-benjamin-helfat
"1/16/2026: 12:00 PM - 1:00 PM, (P) 1/16/2026: 12:00 PM - 1:00 PM, (P) (617) 635-1542
Albert Holland School of Technology Boston Adult Tech Academy - East
(7-12) Bates Elementary (K0*-6) Boston (11-12)
60 Washington St, Dorchester 426 Beech St., Roslindale 1150 Saratoga Street, East Boston
Nia McQueenie: 857-339-3713 Nancy Olivier: 617-635-8064 Contact school for more information.
11/18/2025: 8:00 AM - 11:00 AM, (P) 12/3/2025: 10:00 AM - 11:00 AM, (P) Benjamin Helfat",https://www.bostonpublicschools.org/school/1162026-1200-pm-100-pm-p-1162026-1200-pm-100-pm-p-617-635-1542-albert-holland-school-of-technology-boston-adult-tech-academy-east-7-12-bates-elementary-k0-6-boston-11-12-60-washington-st-dorchester-426-beech-st-roslindale-1150-saratoga-street-east-boston-nia-mcqueenie-857-339-3713-nancy-olivier-617-635-8064-contact-school-for-more-information-11182025-800-am-1100-am-p-1232025-1000-am-1100-am-p-benjamin-helfat,,,,,,,,,,Error fetching page: 404 Client Error: Not Found for url: https://www.bostonpublicschools.org/school/1162026-1200-pm-100-pm-p-1162026-1200-pm-100-pm-p-617-635-1542-albert-holland-school-of-technology-boston-adult-tech-academy-east-7-12-bates-elementary-k0-6-boston-11-12-60-washington-st-dorchester-426-beech-st-roslindale-1150-saratoga-street-east-boston-nia-mcqueenie-857-339-3713-nancy-olivier-617-635-8064-contact-school-for-more-information-11182025-800-am-1100-am-p-1232025-1000-am-1100-am-p-benjamin-helfat
"1/28/2026: 8:00 AM - 11:00 AM, (P) 1/29/2026: 12:00 PM - 1:00 PM, (P) (617) 635-1542
Dante Alighieri Montessori School
(K0-6) Beethoven Elementary (K0*-2) Boston Arts Academy (9-12)
37 Gove St., East Boston 5125 Washington St., West Roxbury 174 Ipswich Street, Boston
Christina Rodriguez: 617-635-6470
Jessica Gorham Cronin: 616-635-8529 Bianca Pierre: 617-635-8149 x32382
11/21/2025: 3:00 PM - 4:00 PM, (P) 11/10/2025: 9:30 AM - 10:30 AM, (P) 11/7/2025: 10:00 AM - 12:00 PM, (P)",https://www.bostonpublicschools.org/school/1282026-800-am-1100-am-p-1292026-1200-pm-100-pm-p-617-635-1542-dante-alighieri-montessori-school-k0-6-beethoven-elementary-k0-2-boston-arts-academy-9-12-37-gove-st-east-boston-5125-washington-st-west-roxbury-174-ipswich-street-boston-christina-rodriguez-617-635-6470-jessica-gorham-cronin-616-635-8529-bianca-pierre-617-635-8149-x32382-11212025-300-pm-400-pm-p-11102025-930-am-1030-am-p-1172025-1000-am-1200-pm-p,,,,,,,,,,Error fetching page: 404 Client Error: Not Found for url: https://www.bostonpublicschools.org/school/1282026-800-am-1100-am-p-1292026-1200-pm-100-pm-p-617-635-1542-dante-alighieri-montessori-school-k0-6-beethoven-elementary-k0-2-boston-arts-academy-9-12-37-gove-st-east-boston-5125-washington-st-west-roxbury-174-ipswich-street-boston-christina-rodriguez-617-635-6470-jessica-gorham-cronin-616-635-8529-bianca-pierre-617-635-8149-x32382-11212025-300-pm-400-pm-p-11102025-930-am-1030-am-p-1172025-1000-am-1200-pm-p
"1/14/2026: 8:00 AM - 9:00 AM, (V) 1/12/2026: 9:30 AM - 10:30 AM, (P) 1/9/2026: 10:00 AM - 12:00 PM, (P)
Boston Collaborative High School
Another Course to College (10-12) Blackstone Elementary (K0-6) (9-12)
612 Metropolitan Avenue., Hyde Park 380 Shawmut Ave, South End 215 Dorchester St, South Boston
Jazmine Shorter: 617-635-8865 Felix Caraballo: 857-339-8913 Contact school for more information.
11/19/2025: 4:00 PM - 5:00 PM, (V) 11/19/2025: 10:00 AM - 11:00 AM, (P) Sherri Neasman",https://www.bostonpublicschools.org/school/1142026-800-am-900-am-v-1122026-930-am-1030-am-p-192026-1000-am-1200-pm-p-boston-collaborative-high-school-another-course-to-college-10-12-blackstone-elementary-k0-6-9-12-612-metropolitan-avenue-hyde-park-380-shawmut-ave-south-end-215-dorchester-st-south-boston-jazmine-shorter-617-635-8865-felix-caraballo-857-339-8913-contact-school-for-more-information-11192025-400-pm-500-pm-v-11192025-1000-am-1100-am-p-sherri-neasman,,,,,,,,,,Error fetching page: 404 Client Error: Not Found for url: https://www.bostonpublicschools.org/school/1142026-800-am-900-am-v-1122026-930-am-1030-am-p-192026-1000-am-1200-pm-p-boston-collaborative-high-school-another-course-to-college-10-12-blackstone-elementary-k0-6-9-12-612-metropolitan-avenue-hyde-park-380-shawmut-ave-south-end-215-dorchester-st-south-boston-jazmine-shorter-617-635-8865-felix-caraballo-857-339-8913-contact-school-for-more-information-11192025-400-pm-500-pm-v-11192025-1000-am-1100-am-p-sherri-neasman
Boston Public Schools welcomes you,https://www.bostonpublicschools.org/school/boston-public-schools-welcomes-you,,,,,,,,,,Error fetching page: 404 Client Error: Not Found for url: https://www.bostonpublicschools.org/school/boston-public-schools-welcomes-you
best fit for your child at our school information sessions. Schools are holding a combination,https://www.bostonpublicschools.org/school/best-fit-for-your-child-at-our-school-information-sessions-schools-are-holding-a-combination,,,,,,,,,,Error fetching page: 404 Client Error: Not Found for url: https://www.bostonpublicschools.org/school/best-fit-for-your-child-at-our-school-information-sessions-schools-are-holding-a-combination
Adams Elementary (K0-6) Academy (K0-1) Boston Adult Tech Academy (11-12),https://www.bostonpublicschools.org/school/adams-elementary-k0-6-academy-k0-1-boston-adult-tech-academy-11-12,,,,,,,,,,Error fetching page: 404 Client Error: Not Found for url: https://www.bostonpublicschools.org/school/adams-elementary-k0-6-academy-k0-1-boston-adult-tech-academy-11-12
Albert Holland School of Technology Boston Adult Tech Academy - East,https://www.bostonpublicschools.org/school/albert-holland-school-of-technology-boston-adult-tech-academy-east,,,,,,,,,,Error fetching page: 404 Client Error: Not Found for url: https://www.bostonpublicschools.org/school/albert-holland-school-of-technology-boston-adult-tech-academy-east
Dante Alighieri Montessori School,https://www.bostonpublicschools.org/school/dante-alighieri-montessori-school,,,,,,,,,,Error fetching page: 404 Client Error: Not Found for url: https://www.bostonpublicschools.org/school/dante-alighieri-montessori-school
(K0-6) Beethoven Elementary (K0*-2) Boston Arts Academy (9-12),https://www.bostonpublicschools.org/school/k0-6-beethoven-elementary-k0-2-boston-arts-academy-9-12,,,,,,,,,,Error fetching page: 404 Client Error: Not Found for url: https://www.bostonpublicschools.org/school/k0-6-beethoven-elementary-k0-2-boston-arts-academy-9-12
Boston Collaborative High School,https://www.bostonpublicschools.org/school/boston-collaborative-high-school,,,,,,,,,,Error fetching page: 404 Client Error: Not Found for url: https://www.bostonpublicschools.org/school/boston-collaborative-high-school
"Boston Day-Evening Academy (9-12) Bradley Elementary (K0-6) Community Academy (9-12)
20 Kearsarge Ave, Roxbury 110 Beachview Rd, East Boston 25 Glen Rd, Jamaica Plain
Magdalene Moise: 617-635-6789 Sam Pichette: 617-635-8422 Contact school for more information.
11/12/2025: 8:30 AM - 10:00 AM, (P) 11/13/2025: 10:00 AM - 11:00 AM, (P) Sonie Felix",https://www.bostonpublicschools.org/school/boston-day-evening-academy-9-12-bradley-elementary-k0-6-community-academy-9-12-20-kearsarge-ave-roxbury-110-beachview-rd-east-boston-25-glen-rd-jamaica-plain-magdalene-moise-617-635-6789-sam-pichette-617-635-8422-contact-school-for-more-information-11122025-830-am-1000-am-p-11132025-1000-am-1100-am-p-sonie-felix,,,,,,,,,,Error fetching page: 404 Client Error: Not Found for url: https://www.bostonpublicschools.org/school/boston-day-evening-academy-9-12-bradley-elementary-k0-6-community-academy-9-12-20-kearsarge-ave-roxbury-110-beachview-rd-east-boston-25-glen-rd-jamaica-plain-magdalene-moise-617-635-6789-sam-pichette-617-635-8422-contact-school-for-more-information-11122025-830-am-1000-am-p-11132025-1000-am-1100-am-p-sonie-felix
"1/14/2026: 8:30 AM - 10:00 AM, (P) 1/12/2026: 12:00 PM - 1:00 PM, (V) (617) 635-7734
Community Academy of Science and
Boston Green Academy (7-12) Brighton High School (7-12) Health (10-12)
20 Warren Street, Brighton 25 Warren St, Brighton 11 Charles St, Dorchester
Nusy Hassan or Cynthia Barros:
Amanda Reveles: 857-891-1742 O-Yoshy Santos: 617-528-9635 617-635-8950
12/2/2025: 5:00 PM - 7:00 PM, (P) 11/20/2025: 10:00 AM - 11:00 AM, (V) 11/18/2025: 3:00 PM - 5:00 PM, (P)",https://www.bostonpublicschools.org/school/1142026-830-am-1000-am-p-1122026-1200-pm-100-pm-v-617-635-7734-community-academy-of-science-and-boston-green-academy-7-12-brighton-high-school-7-12-health-10-12-20-warren-street-brighton-25-warren-st-brighton-11-charles-st-dorchester-nusy-hassan-or-cynthia-barros-amanda-reveles-857-891-1742-o-yoshy-santos-617-528-9635-617-635-8950-1222025-500-pm-700-pm-p-11202025-1000-am-1100-am-v-11182025-300-pm-500-pm-p,,,,,,,,,,Error fetching page: 404 Client Error: Not Found for url: https://www.bostonpublicschools.org/school/1142026-830-am-1000-am-p-1122026-1200-pm-100-pm-v-617-635-7734-community-academy-of-science-and-boston-green-academy-7-12-brighton-high-school-7-12-health-10-12-20-warren-street-brighton-25-warren-st-brighton-11-charles-st-dorchester-nusy-hassan-or-cynthia-barros-amanda-reveles-857-891-1742-o-yoshy-santos-617-528-9635-617-635-8950-1222025-500-pm-700-pm-p-11202025-1000-am-1100-am-v-11182025-300-pm-500-pm-p
"1/27/2026: 5:00 PM - 7:00 PM, (P) 1/15/2026: 10:00 AM - 11:00 AM, (V) 1/16/2025: 2:00 PM - 4:00 PM, (P)
Boston International High School
(9-12) Carter School (K2-12) Condon K-8 School (K0*-8)
100 Maxwell St, Dorchester 396 Northampton St, Boston 200 D St, South Boston
Yaritza Sanchez: 857-321-8957 Kathleen Ryan: 617-635-9832 Andrea Nogueira: 617-635-8606
11/18/2025: 10:00 AM - 12:00 PM, (P) 11/10/2025: 11:00 AM - 11:30 AM, (V) 11/12/2025: 10:30 AM - 11:30 AM, (P)",https://www.bostonpublicschools.org/school/1272026-500-pm-700-pm-p-1152026-1000-am-1100-am-v-1162025-200-pm-400-pm-p-boston-international-high-school-9-12-carter-school-k2-12-condon-k-8-school-k0-8-100-maxwell-st-dorchester-396-northampton-st-boston-200-d-st-south-boston-yaritza-sanchez-857-321-8957-kathleen-ryan-617-635-9832-andrea-nogueira-617-635-8606-11182025-1000-am-1200-pm-p-11102025-1100-am-1130-am-v-11122025-1030-am-1130-am-p,,,,,,,,,,Error fetching page: 404 Client Error: Not Found for url: https://www.bostonpublicschools.org/school/1272026-500-pm-700-pm-p-1152026-1000-am-1100-am-v-1162025-200-pm-400-pm-p-boston-international-high-school-9-12-carter-school-k2-12-condon-k-8-school-k0-8-100-maxwell-st-dorchester-396-northampton-st-boston-200-d-st-south-boston-yaritza-sanchez-857-321-8957-kathleen-ryan-617-635-9832-andrea-nogueira-617-635-8606-11182025-1000-am-1200-pm-p-11102025-1100-am-1130-am-v-11122025-1030-am-1130-am-p
"1/22/2026: 6:00 PM - 8:00 PM, (V) 1/22/2026: 1:00 AM - 1:30 PM, (V) 1/14/2026: 9:00 AM - 10:00 AM, (P)
Boston Latin Academy (7-12) Channing Elementary (K0*-6) Conley Elementary (K0-6)
205 Townsend St, Boston 35 Sunnyside St, Hyde Park 450 Poplar St, Roslindale
Markiesha Duverneau: 617-635-8099
Manuela Medina: 617-635-9957 Bruni Gonzalez-Velez: 617-635-8722 x11668
11/20/2025: 7:30 AM - 8:30 AM, (P) 11/21/2025: 11:00 AM - 2:00 PM, (P) 11/22/2025: 10:00 AM - 12:00 PM, (P)",https://www.bostonpublicschools.org/school/1222026-600-pm-800-pm-v-1222026-100-am-130-pm-v-1142026-900-am-1000-am-p-boston-latin-academy-7-12-channing-elementary-k0-6-conley-elementary-k0-6-205-townsend-st-boston-35-sunnyside-st-hyde-park-450-poplar-st-roslindale-markiesha-duverneau-617-635-8099-manuela-medina-617-635-9957-bruni-gonzalez-velez-617-635-8722-x11668-11202025-730-am-830-am-p-11212025-1100-am-200-pm-p-11222025-1000-am-1200-pm-p,,,,,,,,,,Error fetching page: 404 Client Error: Not Found for url: https://www.bostonpublicschools.org/school/1222026-600-pm-800-pm-v-1222026-100-am-130-pm-v-1142026-900-am-1000-am-p-boston-latin-academy-7-12-channing-elementary-k0-6-conley-elementary-k0-6-205-townsend-st-boston-35-sunnyside-st-hyde-park-450-poplar-st-roslindale-markiesha-duverneau-617-635-8099-manuela-medina-617-635-9957-bruni-gonzalez-velez-617-635-8722-x11668-11202025-730-am-830-am-p-11212025-1100-am-200-pm-p-11222025-1000-am-1200-pm-p
"1/14/2026: 5:00 PM - 6:00 PM, (V) 1/28/2026: 11:00 AM - 2:00 PM, (P) 1/23/2026: 8:30 AM - 10:30 AM, (P)
Boston Latin School (7-12) Charlestown High School (7-12) Curley K-8 School (K0*-8)
78 Avenue Louis Pasteur., Boston 240 Medford St, Charlestown 40 Pershing Rd, Jamaica Plain
Martha Pierce: 617-635-8895 Danitza Acevedo: 617-635-9914 Yamile Hernandez: 857-269-7296
11/14/2025: 3:30 PM - 4:30 PM, (P) 11/18/2025: 8:00 AM - 9:30 AM, (P) 11/19/2025: 9:10 AM - 10:10 AM, (P)",https://www.bostonpublicschools.org/school/1142026-500-pm-600-pm-v-1282026-1100-am-200-pm-p-1232026-830-am-1030-am-p-boston-latin-school-7-12-charlestown-high-school-7-12-curley-k-8-school-k0-8-78-avenue-louis-pasteur-boston-240-medford-st-charlestown-40-pershing-rd-jamaica-plain-martha-pierce-617-635-8895-danitza-acevedo-617-635-9914-yamile-hernandez-857-269-7296-11142025-330-pm-430-pm-p-11182025-800-am-930-am-p-11192025-910-am-1010-am-p,,,,,,,,,,Error fetching page: 404 Client Error: Not Found for url: https://www.bostonpublicschools.org/school/1142026-500-pm-600-pm-v-1282026-1100-am-200-pm-p-1232026-830-am-1030-am-p-boston-latin-school-7-12-charlestown-high-school-7-12-curley-k-8-school-k0-8-78-avenue-louis-pasteur-boston-240-medford-st-charlestown-40-pershing-rd-jamaica-plain-martha-pierce-617-635-8895-danitza-acevedo-617-635-9914-yamile-hernandez-857-269-7296-11142025-330-pm-430-pm-p-11182025-800-am-930-am-p-11192025-910-am-1010-am-p
"1/10/2026: 10:00 AM - 11:00 AM, (P) 1/7/2026: 5:30 PM - 7:00 PM, (V) 2/3/2026: 5:00 PM - 6:00 PM, (P)
Boston Teachers Union Elementary
(K0-6) Chittick Elementary (K0*-6) Dearborn STEM Academy (7-12)
25 Walk Hill St, Jamaica Plain 154 Ruskindale Rd, Mattapan 36 Winthrop St, Roxbury
Jerica Williams: 617-635-7717 Mrs. Florence Taylor: 617-212-5358 Mr.Centeio: 617-635-8412
11/21/2025: 11:00 AM - 12:30 PM, (P) 11/13/2025: 9:30 AM - 11:30 AM, (P) 12/2/2025: 12:00 PM - 1:00 PM, (V)",https://www.bostonpublicschools.org/school/1102026-1000-am-1100-am-p-172026-530-pm-700-pm-v-232026-500-pm-600-pm-p-boston-teachers-union-elementary-k0-6-chittick-elementary-k0-6-dearborn-stem-academy-7-12-25-walk-hill-st-jamaica-plain-154-ruskindale-rd-mattapan-36-winthrop-st-roxbury-jerica-williams-617-635-7717-mrs-florence-taylor-617-212-5358-mrcenteio-617-635-8412-11212025-1100-am-1230-pm-p-11132025-930-am-1130-am-p-1222025-1200-pm-100-pm-v,,,,,,,,,,Error fetching page: 404 Client Error: Not Found for url: https://www.bostonpublicschools.org/school/1102026-1000-am-1100-am-p-172026-530-pm-700-pm-v-232026-500-pm-600-pm-p-boston-teachers-union-elementary-k0-6-chittick-elementary-k0-6-dearborn-stem-academy-7-12-25-walk-hill-st-jamaica-plain-154-ruskindale-rd-mattapan-36-winthrop-st-roxbury-jerica-williams-617-635-7717-mrs-florence-taylor-617-212-5358-mrcenteio-617-635-8412-11212025-1100-am-1230-pm-p-11132025-930-am-1130-am-p-1222025-1200-pm-100-pm-v
Boston Day-Evening Academy (9-12) Bradley Elementary (K0-6) Community Academy (9-12),https://www.bostonpublicschools.org/school/boston-day-evening-academy-9-12-bradley-elementary-k0-6-community-academy-9-12,,,,,,,,,,Error fetching page: 404 Client Error: Not Found for url: https://www.bostonpublicschools.org/school/boston-day-evening-academy-9-12-bradley-elementary-k0-6-community-academy-9-12
Community Academy of Science and,https://www.bostonpublicschools.org/school/community-academy-of-science-and,,,,,,,,,,Error fetching page: 404 Client Error: Not Found for url: https://www.bostonpublicschools.org/school/community-academy-of-science-and
Boston Green Academy (7-12) Brighton High School (7-12) Health (10-12),https://www.bostonpublicschools.org/school/boston-green-academy-7-12-brighton-high-school-7-12-health-10-12,,,,,,,,,,Error fetching page: 404 Client Error: Not Found for url: https://www.bostonpublicschools.org/school/boston-green-academy-7-12-brighton-high-school-7-12-health-10-12
Boston International High School,https://www.bostonpublicschools.org/school/boston-international-high-school,9-12,,,Programs mentioned on site; see school website for full list.,Special education/504/IEP support mentioned on site; see school website for details.,617-635-9373,2300 Washington Street Roxbury MA 02119,After school/extracurricular activities mentioned; see school website for full list.,2024,Boston International High School - Boston Public Schools
(9-12) Carter School (K2-12) Condon K-8 School (K0*-8),https://www.bostonpublicschools.org/school/9-12-carter-school-k2-12-condon-k-8-school-k0-8,,,,,,,,,,Error fetching page: 404 Client Error: Not Found for url: https://www.bostonpublicschools.org/school/9-12-carter-school-k2-12-condon-k-8-school-k0-8
Boston Latin Academy (7-12) Channing Elementary (K0*-6) Conley Elementary (K0-6),https://www.bostonpublicschools.org/school/boston-latin-academy-7-12-channing-elementary-k0-6-conley-elementary-k0-6,,,,,,,,,,Error fetching page: 404 Client Error: Not Found for url: https://www.bostonpublicschools.org/school/boston-latin-academy-7-12-channing-elementary-k0-6-conley-elementary-k0-6
Boston Latin School (7-12) Charlestown High School (7-12) Curley K-8 School (K0*-8),https://www.bostonpublicschools.org/school/boston-latin-school-7-12-charlestown-high-school-7-12-curley-k-8-school-k0-8,,,,,,,,,,Error fetching page: 404 Client Error: Not Found for url: https://www.bostonpublicschools.org/school/boston-latin-school-7-12-charlestown-high-school-7-12-curley-k-8-school-k0-8
(K0-6) Chittick Elementary (K0*-6) Dearborn STEM Academy (7-12),https://www.bostonpublicschools.org/school/k0-6-chittick-elementary-k0-6-dearborn-stem-academy-7-12,,,,,,,,,,Error fetching page: 404 Client Error: Not Found for url: https://www.bostonpublicschools.org/school/k0-6-chittick-elementary-k0-6-dearborn-stem-academy-7-12
"Dudley Street Neighborhood School Ellison-Parks Early Education School
(K1-5) (K0-3) Greater Egleston High School (9-12)
6 Shirley St, Roxbury 108 Babson St, Mattapan 80 School St, Roxbury
Keisha Williams: 617-635-8507 Charles Mentos: 617-635-7680 Jordan Ritchie: 315-399-8024
11/11/2025: 10:00 AM - 11:00 AM, (V) 11/21/2025: 9:30 AM - 10:30 AM, (P) 11/18/2025: 10:00 AM - 12:30 AM, (P)",https://www.bostonpublicschools.org/school/dudley-street-neighborhood-school-ellison-parks-early-education-school-k1-5-k0-3-greater-egleston-high-school-9-12-6-shirley-st-roxbury-108-babson-st-mattapan-80-school-st-roxbury-keisha-williams-617-635-8507-charles-mentos-617-635-7680-jordan-ritchie-315-399-8024-11112025-1000-am-1100-am-v-11212025-930-am-1030-am-p-11182025-1000-am-1230-am-p,,,,,,,,,,Error fetching page: 404 Client Error: Not Found for url: https://www.bostonpublicschools.org/school/dudley-street-neighborhood-school-ellison-parks-early-education-school-k1-5-k0-3-greater-egleston-high-school-9-12-6-shirley-st-roxbury-108-babson-st-mattapan-80-school-st-roxbury-keisha-williams-617-635-8507-charles-mentos-617-635-7680-jordan-ritchie-315-399-8024-11112025-1000-am-1100-am-v-11212025-930-am-1030-am-p-11182025-1000-am-1230-am-p
"1/27/2026: 10:00 AM - 11:00 AM, (V) 1/26/2026: 5:30 PM - 6:30 PM, (V) 1/22/2026: 10:00 AM - 12:30 PM, (P)
East Boston Early Education Center
(K0-1) English High School (7-12) Sarah Greenwood K-8 School (K1-8)
135 Gove St, East Boston 144 McBride St, Jamaica Plain 186 Glenway Street, Dorchester
Elisa Morales: 617-635-6456 Kristi Lucks: 617-635-8979 Grisselle Ubilez Woodley: 617-635-8710
11/19/2025: 9:00 AM - 10:00 AM, (P) 11/18/2025: 5:30 PM - 6:30 PM, (P) 11/12/2025: 9:30 AM - 10:30 AM, (P)",https://www.bostonpublicschools.org/school/1272026-1000-am-1100-am-v-1262026-530-pm-630-pm-v-1222026-1000-am-1230-pm-p-east-boston-early-education-center-k0-1-english-high-school-7-12-sarah-greenwood-k-8-school-k1-8-135-gove-st-east-boston-144-mcbride-st-jamaica-plain-186-glenway-street-dorchester-elisa-morales-617-635-6456-kristi-lucks-617-635-8979-grisselle-ubilez-woodley-617-635-8710-11192025-900-am-1000-am-p-11182025-530-pm-630-pm-p-11122025-930-am-1030-am-p,,,,,,,,,,Error fetching page: 404 Client Error: Not Found for url: https://www.bostonpublicschools.org/school/1272026-1000-am-1100-am-v-1262026-530-pm-630-pm-v-1222026-1000-am-1230-pm-p-east-boston-early-education-center-k0-1-english-high-school-7-12-sarah-greenwood-k-8-school-k1-8-135-gove-st-east-boston-144-mcbride-st-jamaica-plain-186-glenway-street-dorchester-elisa-morales-617-635-6456-kristi-lucks-617-635-8979-grisselle-ubilez-woodley-617-635-8710-11192025-900-am-1000-am-p-11182025-530-pm-630-pm-p-11122025-930-am-1030-am-p
"1/27/2026: 5:00 PM - 6:00 PM, (P) 1/14/2026: 3:30 PM - 4:30 PM, (P) 1/13/2026: 9:00 AM - 10:30 AM, (P)
East Boston High School (7-12) Everett Elementary (K0*-6) Grew Elementary (K0-6)
86 White St, East Boston 71 Pleasant St, Dorchester 40 Gordon Ave, Hyde Park
Karla Torres-Welch: 857-293-9320 Geraldine Labissiere: 617-635-8779 Daniella Bradley: 617-635-6715
11/20/2025: 8:15 AM - 10:15 AM, (P) 11/20/2025: 10:00 AM - 12:00 PM, (P) 11/13/2025: 5:00 PM - 6:00 PM, (P)",https://www.bostonpublicschools.org/school/1272026-500-pm-600-pm-p-1142026-330-pm-430-pm-p-1132026-900-am-1030-am-p-east-boston-high-school-7-12-everett-elementary-k0-6-grew-elementary-k0-6-86-white-st-east-boston-71-pleasant-st-dorchester-40-gordon-ave-hyde-park-karla-torres-welch-857-293-9320-geraldine-labissiere-617-635-8779-daniella-bradley-617-635-6715-11202025-815-am-1015-am-p-11202025-1000-am-1200-pm-p-11132025-500-pm-600-pm-p,,,,,,,,,,Error fetching page: 404 Client Error: Not Found for url: https://www.bostonpublicschools.org/school/1272026-500-pm-600-pm-p-1142026-330-pm-430-pm-p-1132026-900-am-1030-am-p-east-boston-high-school-7-12-everett-elementary-k0-6-grew-elementary-k0-6-86-white-st-east-boston-71-pleasant-st-dorchester-40-gordon-ave-hyde-park-karla-torres-welch-857-293-9320-geraldine-labissiere-617-635-8779-daniella-bradley-617-635-6715-11202025-815-am-1015-am-p-11202025-1000-am-1200-pm-p-11132025-500-pm-600-pm-p
"1/26/2026: 2:30 PM - 4:30 PM, (P) 1/22/2026: 6:30 PM - 8:00 PM, (V) 1/12/2026: 5:00 PM - 6:00 PM, (P)
Edison Elementary (K1-6) Fenway High School (9-12) Guild Elementary (K0*-6)
60 Glenmont Rd, Brighton 67 Alleghany Street, Fenway 195 Leyden St, East Boston
Maria Centeio: 617-635-8436 Laura Martinez: 617-635-9911 x45520 Beatriz Contreras: 617-635-8523
11/11/2025: 9:30 AM - 10:30 AM, (P) 12/17/2025: 6:00 PM - 7:30 PM, (V) 11/18/2025: 10:00 AM - 11:00 AM, (P)",https://www.bostonpublicschools.org/school/1262026-230-pm-430-pm-p-1222026-630-pm-800-pm-v-1122026-500-pm-600-pm-p-edison-elementary-k1-6-fenway-high-school-9-12-guild-elementary-k0-6-60-glenmont-rd-brighton-67-alleghany-street-fenway-195-leyden-st-east-boston-maria-centeio-617-635-8436-laura-martinez-617-635-9911-x45520-beatriz-contreras-617-635-8523-11112025-930-am-1030-am-p-12172025-600-pm-730-pm-v-11182025-1000-am-1100-am-p,,,,,,,,,,Error fetching page: 404 Client Error: Not Found for url: https://www.bostonpublicschools.org/school/1262026-230-pm-430-pm-p-1222026-630-pm-800-pm-v-1122026-500-pm-600-pm-p-edison-elementary-k1-6-fenway-high-school-9-12-guild-elementary-k0-6-60-glenmont-rd-brighton-67-alleghany-street-fenway-195-leyden-st-east-boston-maria-centeio-617-635-8436-laura-martinez-617-635-9911-x45520-beatriz-contreras-617-635-8523-11112025-930-am-1030-am-p-12172025-600-pm-730-pm-v-11182025-1000-am-1100-am-p
"1/20/2026: 5:00 PM - 6:00 PM, (V) 1/14/2026: 8:45 AM - 11:15 AM, (P) 1/15/2026: 10:00 AM - 11:00 AM, (P)
Eliot K-8 Innovation School (K0-8) Frederick Elementary School (K0-6) Hale Elementary (K0*-6)
16 Charter St, North End 270 Columbia Rd, Dorchester 51 Cedar St, Roxbury
Alexa Hingston: 617-635-8545 Jessica Senat: 857-753-1641 Claudia Velazquez: 857-397-5399
11/18/2025: 9:00 AM - 10:00 AM, (P) 11/12/2025: 5:30 PM - 7:00 PM, (P) 12/5/2025: 4:00 PM - 4:45 PM, (P)",https://www.bostonpublicschools.org/school/1202026-500-pm-600-pm-v-1142026-845-am-1115-am-p-1152026-1000-am-1100-am-p-eliot-k-8-innovation-school-k0-8-frederick-elementary-school-k0-6-hale-elementary-k0-6-16-charter-st-north-end-270-columbia-rd-dorchester-51-cedar-st-roxbury-alexa-hingston-617-635-8545-jessica-senat-857-753-1641-claudia-velazquez-857-397-5399-11182025-900-am-1000-am-p-11122025-530-pm-700-pm-p-1252025-400-pm-445-pm-p,,,,,,,,,,Error fetching page: 404 Client Error: Not Found for url: https://www.bostonpublicschools.org/school/1202026-500-pm-600-pm-v-1142026-845-am-1115-am-p-1152026-1000-am-1100-am-p-eliot-k-8-innovation-school-k0-8-frederick-elementary-school-k0-6-hale-elementary-k0-6-16-charter-st-north-end-270-columbia-rd-dorchester-51-cedar-st-roxbury-alexa-hingston-617-635-8545-jessica-senat-857-753-1641-claudia-velazquez-857-397-5399-11182025-900-am-1000-am-p-11122025-530-pm-700-pm-p-1252025-400-pm-445-pm-p
"1/13/2026: 9:00 AM - 10:00 AM, (P) 1/13/2026: 5:00 PM - 6:30 PM, (P) 1/27/2026: 9:00 AM - 9:45 AM, (P)
(Note: The Clap and Winthrop Schools are
merging into the Frederick for SY2627).
Ellis Elementary (K0*-6) Gardner Pilot Academy (K0*-6) Haley Pilot School (K0*-6)
302 Walnut Ave, Roxbury 30 Athol St, Allston 570 Amer Legion Hwy, Roslindale
Gabriela Chew: 617-635-8257 Losangela Batista: 617-506-9075 Kathleen Sullivan: 617-635-8169
11/18/2025: 10:30 AM - 11:30 AM, (P) 11/13/2025: 3:00 PM - 4:00 PM, (V) 11/10/2025: 9:30 AM - 10:30 AM, (P)",https://www.bostonpublicschools.org/school/1132026-900-am-1000-am-p-1132026-500-pm-630-pm-p-1272026-900-am-945-am-p-note-the-clap-and-winthrop-schools-are-merging-into-the-frederick-for-sy2627-ellis-elementary-k0-6-gardner-pilot-academy-k0-6-haley-pilot-school-k0-6-302-walnut-ave-roxbury-30-athol-st-allston-570-amer-legion-hwy-roslindale-gabriela-chew-617-635-8257-losangela-batista-617-506-9075-kathleen-sullivan-617-635-8169-11182025-1030-am-1130-am-p-11132025-300-pm-400-pm-v-11102025-930-am-1030-am-p,,,,,,,,,,Error fetching page: 404 Client Error: Not Found for url: https://www.bostonpublicschools.org/school/1132026-900-am-1000-am-p-1132026-500-pm-630-pm-p-1272026-900-am-945-am-p-note-the-clap-and-winthrop-schools-are-merging-into-the-frederick-for-sy2627-ellis-elementary-k0-6-gardner-pilot-academy-k0-6-haley-pilot-school-k0-6-302-walnut-ave-roxbury-30-athol-st-allston-570-amer-legion-hwy-roslindale-gabriela-chew-617-635-8257-losangela-batista-617-506-9075-kathleen-sullivan-617-635-8169-11182025-1030-am-1130-am-p-11132025-300-pm-400-pm-v-11102025-930-am-1030-am-p
Dudley Street Neighborhood School Ellison-Parks Early Education School,https://www.bostonpublicschools.org/school/dudley-street-neighborhood-school-ellison-parks-early-education-school,,,,,,,,,,Error fetching page: 404 Client Error: Not Found for url: https://www.bostonpublicschools.org/school/dudley-street-neighborhood-school-ellison-parks-early-education-school
(K1-5) (K0-3) Greater Egleston High School (9-12),https://www.bostonpublicschools.org/school/k1-5-k0-3-greater-egleston-high-school-9-12,,,,,,,,,,Error fetching page: 404 Client Error: Not Found for url: https://www.bostonpublicschools.org/school/k1-5-k0-3-greater-egleston-high-school-9-12
"6 Shirley St, Roxbury 108 Babson St, Mattapan 80 School St, Roxbury",https://www.bostonpublicschools.org/school/6-shirley-st-roxbury-108-babson-st-mattapan-80-school-st-roxbury,,,,,,,,,,Error fetching page: 404 Client Error: Not Found for url: https://www.bostonpublicschools.org/school/6-shirley-st-roxbury-108-babson-st-mattapan-80-school-st-roxbury
(K0-1) English High School (7-12) Sarah Greenwood K-8 School (K1-8),https://www.bostonpublicschools.org/school/k0-1-english-high-school-7-12-sarah-greenwood-k-8-school-k1-8,,,,,,,,,,Error fetching page: 404 Client Error: Not Found for url: https://www.bostonpublicschools.org/school/k0-1-english-high-school-7-12-sarah-greenwood-k-8-school-k1-8
East Boston High School (7-12) Everett Elementary (K0*-6) Grew Elementary (K0-6),https://www.bostonpublicschools.org/school/east-boston-high-school-7-12-everett-elementary-k0-6-grew-elementary-k0-6,,,,,,,,,,Error fetching page: 404 Client Error: Not Found for url: https://www.bostonpublicschools.org/school/east-boston-high-school-7-12-everett-elementary-k0-6-grew-elementary-k0-6
Edison Elementary (K1-6) Fenway High School (9-12) Guild Elementary (K0*-6),https://www.bostonpublicschools.org/school/edison-elementary-k1-6-fenway-high-school-9-12-guild-elementary-k0-6,,,,,,,,,,Error fetching page: 404 Client Error: Not Found for url: https://www.bostonpublicschools.org/school/edison-elementary-k1-6-fenway-high-school-9-12-guild-elementary-k0-6
Eliot K-8 Innovation School (K0-8) Frederick Elementary School (K0-6) Hale Elementary (K0*-6),https://www.bostonpublicschools.org/school/eliot-k-8-innovation-school-k0-8-frederick-elementary-school-k0-6-hale-elementary-k0-6,,,,,,,,,,Error fetching page: 404 Client Error: Not Found for url: https://www.bostonpublicschools.org/school/eliot-k-8-innovation-school-k0-8-frederick-elementary-school-k0-6-hale-elementary-k0-6
(Note: The Clap and Winthrop Schools are,https://www.bostonpublicschools.org/school/note-the-clap-and-winthrop-schools-are,,,,,,,,,,Error fetching page: 404 Client Error: Not Found for url: https://www.bostonpublicschools.org/school/note-the-clap-and-winthrop-schools-are
Ellis Elementary (K0*-6) Gardner Pilot Academy (K0*-6) Haley Pilot School (K0*-6),https://www.bostonpublicschools.org/school/ellis-elementary-k0-6-gardner-pilot-academy-k0-6-haley-pilot-school-k0-6,,,,,,,,,,Error fetching page: 404 Client Error: Not Found for url: https://www.bostonpublicschools.org/school/ellis-elementary-k0-6-gardner-pilot-academy-k0-6-haley-pilot-school-k0-6
"Higginson Inclusion K0-2 School Kennedy Academy for Health
Harvard-Kent Elementary (K0-6) (K0*-2) Careers (12)
50 Bunker Hill St, Charlestown 160 Harrishof Street, Roxbury 10 Fenwood Road, Boston
Dariana Arteaga: 617-635-8358 Magno Garcia: 781-591-0772 Luz Molina Cabrera: 617-635-8450
11/13/2025: 5:00 PM - 6:00 PM, (P) 11/19/2025: 10:30 AM - 11:00 AM, (P) 11/8/2025: 10:00 AM - 11:30 AM, (P)",https://www.bostonpublicschools.org/school/higginson-inclusion-k0-2-school-kennedy-academy-for-health-harvard-kent-elementary-k0-6-k0-2-careers-12-50-bunker-hill-st-charlestown-160-harrishof-street-roxbury-10-fenwood-road-boston-dariana-arteaga-617-635-8358-magno-garcia-781-591-0772-luz-molina-cabrera-617-635-8450-11132025-500-pm-600-pm-p-11192025-1030-am-1100-am-p-1182025-1000-am-1130-am-p,,,,,,,,,,Error fetching page: 404 Client Error: Not Found for url: https://www.bostonpublicschools.org/school/higginson-inclusion-k0-2-school-kennedy-academy-for-health-harvard-kent-elementary-k0-6-k0-2-careers-12-50-bunker-hill-st-charlestown-160-harrishof-street-roxbury-10-fenwood-road-boston-dariana-arteaga-617-635-8358-magno-garcia-781-591-0772-luz-molina-cabrera-617-635-8450-11132025-500-pm-600-pm-p-11192025-1030-am-1100-am-p-1182025-1000-am-1130-am-p
"1/15/2026: 5:00 PM - 6:00 PM, (P) 1/28/2026: 10:30 AM - 11:00 AM, (P) 1/10/2026: 10:00 AM - 11:30 AM, (V)
Haynes Early Education Center
(K0-1) Higginson-Lewis 3-8 School (3-8) John F Kennedy Elementary (K0-6)
263 Blue Hill Ave, Roxbury 131 Walnut Ave, Roxbury 7 Bolster St, Jamaica Plain
Francisca Guevara: 617-635-6446 Madiline Gomez: 617-251-8568 Ms. Sanchez: 617-635-8127
12/3/2025: 11:00 AM - 1:00 PM, (P) 11/14/2025: 10:00 AM - 11:00 AM, (P) 11/14/2025: 9:30 AM - 10:30 AM, (P)",https://www.bostonpublicschools.org/school/1152026-500-pm-600-pm-p-1282026-1030-am-1100-am-p-1102026-1000-am-1130-am-v-haynes-early-education-center-k0-1-higginson-lewis-3-8-school-3-8-john-f-kennedy-elementary-k0-6-263-blue-hill-ave-roxbury-131-walnut-ave-roxbury-7-bolster-st-jamaica-plain-francisca-guevara-617-635-6446-madiline-gomez-617-251-8568-ms-sanchez-617-635-8127-1232025-1100-am-100-pm-p-11142025-1000-am-1100-am-p-11142025-930-am-1030-am-p,,,,,,,,,,Error fetching page: 404 Client Error: Not Found for url: https://www.bostonpublicschools.org/school/1152026-500-pm-600-pm-p-1282026-1030-am-1100-am-p-1102026-1000-am-1130-am-v-haynes-early-education-center-k0-1-higginson-lewis-3-8-school-3-8-john-f-kennedy-elementary-k0-6-263-blue-hill-ave-roxbury-131-walnut-ave-roxbury-7-bolster-st-jamaica-plain-francisca-guevara-617-635-6446-madiline-gomez-617-251-8568-ms-sanchez-617-635-8127-1232025-1100-am-100-pm-p-11142025-1000-am-1100-am-p-11142025-930-am-1030-am-p
"1/28/2026: 11:00 AM - 12:00 PM, (P) 1/12/2026: 10:00 AM - 11:00 AM, (P) 1/16/2026: 9:30 AM - 10:30 AM, (P)
Henderson K-12 Inclusion School Patrick J. Kennedy Elementary
Lower (K0-1) Holmes Elementary (K0-6) (K0*-6)
1669 Dorchester Ave, Dorchester 40 School St, Dorchester 242 Bennington St., East Boston
Kristen Goncalves Redden:
Lori Wiggins: 617-635-8725 Mrs. Stewart: 617-635-8681 617-635-8466
11/17/2025: 6:00 PM - 7:00 PM, (V) 11/19/2025: 11:00 AM - 12:00 PM, (P) 12/4/2025: 1:30 PM - 2:15 PM, (P)",https://www.bostonpublicschools.org/school/1282026-1100-am-1200-pm-p-1122026-1000-am-1100-am-p-1162026-930-am-1030-am-p-henderson-k-12-inclusion-school-patrick-j-kennedy-elementary-lower-k0-1-holmes-elementary-k0-6-k0-6-1669-dorchester-ave-dorchester-40-school-st-dorchester-242-bennington-st-east-boston-kristen-goncalves-redden-lori-wiggins-617-635-8725-mrs-stewart-617-635-8681-617-635-8466-11172025-600-pm-700-pm-v-11192025-1100-am-1200-pm-p-1242025-130-pm-215-pm-p,,,,,,,,,,Error fetching page: 404 Client Error: Not Found for url: https://www.bostonpublicschools.org/school/1282026-1100-am-1200-pm-p-1122026-1000-am-1100-am-p-1162026-930-am-1030-am-p-henderson-k-12-inclusion-school-patrick-j-kennedy-elementary-lower-k0-1-holmes-elementary-k0-6-k0-6-1669-dorchester-ave-dorchester-40-school-st-dorchester-242-bennington-st-east-boston-kristen-goncalves-redden-lori-wiggins-617-635-8725-mrs-stewart-617-635-8681-617-635-8466-11172025-600-pm-700-pm-v-11192025-1100-am-1200-pm-p-1242025-130-pm-215-pm-p
"1/13/2026: 10:00 AM - 11:00 AM, (P) 1/21/2026: 11:00 AM - 12:00 PM, (P) 1/29/2026: 10:00 AM - 10:45 AM, (P)
Henderson K-12 Inclusion School Horace Mann School for the Deaf &
Upper (2-8, 10-12) Hard of Hearing (K0-12) Kenny Elementary (K0*-6)
18 Croftland Ave, Dorchester 28 Walker St, Charlestown 19 Oakton Ave, Dorchester
Lori Wiggins: 617-635-6365 Contact school for more information. Sharee Gittens: 617-635-8789
11/18/2025: 6:00 PM - 7:00 PM, (V) Michelle Eisan-Smith 11/15/2025: 9:00 AM - 10:00 AM, (P)",https://www.bostonpublicschools.org/school/1132026-1000-am-1100-am-p-1212026-1100-am-1200-pm-p-1292026-1000-am-1045-am-p-henderson-k-12-inclusion-school-horace-mann-school-for-the-deaf-upper-2-8-10-12-hard-of-hearing-k0-12-kenny-elementary-k0-6-18-croftland-ave-dorchester-28-walker-st-charlestown-19-oakton-ave-dorchester-lori-wiggins-617-635-6365-contact-school-for-more-information-sharee-gittens-617-635-8789-11182025-600-pm-700-pm-v-michelle-eisan-smith-11152025-900-am-1000-am-p,,,,,,,,,,Error fetching page: 404 Client Error: Not Found for url: https://www.bostonpublicschools.org/school/1132026-1000-am-1100-am-p-1212026-1100-am-1200-pm-p-1292026-1000-am-1045-am-p-henderson-k-12-inclusion-school-horace-mann-school-for-the-deaf-upper-2-8-10-12-hard-of-hearing-k0-12-kenny-elementary-k0-6-18-croftland-ave-dorchester-28-walker-st-charlestown-19-oakton-ave-dorchester-lori-wiggins-617-635-6365-contact-school-for-more-information-sharee-gittens-617-635-8789-11182025-600-pm-700-pm-v-michelle-eisan-smith-11152025-900-am-1000-am-p
"1/13/2026: 9:00 AM - 10:00 AM, (P) (617) 635-8534 1/20/2026: 6:00 PM - 7:00 PM, (P)
Kilmer K-8 School (Lower Campus)
Hennigan Elementary (K0-6) Hurley K-8 School (K0*-8) (K0*-3)
200 Heath St, Jamaica Plain 70 Worcester St, South End 35 Baker St, West Roxbury
Delourdes Joseph and Jinet Lopez:
617-635-8264 Ms. Rachel: 617-635-8489 Norberto Mendez: 617-635-8060
11/19/2025: 9:00 AM - 10:00 AM, (P) 12/5/2025: 8:15 AM - 9:30 AM, (P) 12/5/2025: 11:00 AM - 12:00 PM, (P)",https://www.bostonpublicschools.org/school/1132026-900-am-1000-am-p-617-635-8534-1202026-600-pm-700-pm-p-kilmer-k-8-school-lower-campus-hennigan-elementary-k0-6-hurley-k-8-school-k0-8-k0-3-200-heath-st-jamaica-plain-70-worcester-st-south-end-35-baker-st-west-roxbury-delourdes-joseph-and-jinet-lopez-617-635-8264-ms-rachel-617-635-8489-norberto-mendez-617-635-8060-11192025-900-am-1000-am-p-1252025-815-am-930-am-p-1252025-1100-am-1200-pm-p,,,,,,,,,,Error fetching page: 404 Client Error: Not Found for url: https://www.bostonpublicschools.org/school/1132026-900-am-1000-am-p-617-635-8534-1202026-600-pm-700-pm-p-kilmer-k-8-school-lower-campus-hennigan-elementary-k0-6-hurley-k-8-school-k0-8-k0-3-200-heath-st-jamaica-plain-70-worcester-st-south-end-35-baker-st-west-roxbury-delourdes-joseph-and-jinet-lopez-617-635-8264-ms-rachel-617-635-8489-norberto-mendez-617-635-8060-11192025-900-am-1000-am-p-1252025-815-am-930-am-p-1252025-1100-am-1200-pm-p
"1/12/2026: 1:00 PM - 2:00 PM, (P) 1/23/2026: 8:15 AM - 9:30 AM, (P) 1/16/2026: 2:30 PM - 3:30 PM, (P)
Kennedy Academy for Health Kilmer K-8 School (Upper Campus)
Hernandez Elementary (K1-6) Careers (9-11) (4-8)
61 School St, Roxbury 152 Arlington Street, Boston 140 Russett Rd, West Roxbury
Anita Torres and Brandel Delgado
Rodriguez: 617-635-8187 Luz Molina Cabrera: 617-635-8450 Norberto Mendez: 617-635-8060
11/19/2025: 9:30 AM - 10:30 AM, (P) 11/8/2025: 10:00 AM - 11:30 AM, (P) 12/5/2025: 11:00 AM - 12:00 PM, (P)",https://www.bostonpublicschools.org/school/1122026-100-pm-200-pm-p-1232026-815-am-930-am-p-1162026-230-pm-330-pm-p-kennedy-academy-for-health-kilmer-k-8-school-upper-campus-hernandez-elementary-k1-6-careers-9-11-4-8-61-school-st-roxbury-152-arlington-street-boston-140-russett-rd-west-roxbury-anita-torres-and-brandel-delgado-rodriguez-617-635-8187-luz-molina-cabrera-617-635-8450-norberto-mendez-617-635-8060-11192025-930-am-1030-am-p-1182025-1000-am-1130-am-p-1252025-1100-am-1200-pm-p,,,,,,,,,,Error fetching page: 404 Client Error: Not Found for url: https://www.bostonpublicschools.org/school/1122026-100-pm-200-pm-p-1232026-815-am-930-am-p-1162026-230-pm-330-pm-p-kennedy-academy-for-health-kilmer-k-8-school-upper-campus-hernandez-elementary-k1-6-careers-9-11-4-8-61-school-st-roxbury-152-arlington-street-boston-140-russett-rd-west-roxbury-anita-torres-and-brandel-delgado-rodriguez-617-635-8187-luz-molina-cabrera-617-635-8450-norberto-mendez-617-635-8060-11192025-930-am-1030-am-p-1182025-1000-am-1130-am-p-1252025-1100-am-1200-pm-p
Higginson Inclusion K0-2 School Kennedy Academy for Health,https://www.bostonpublicschools.org/school/higginson-inclusion-k0-2-school-kennedy-academy-for-health,,,,,,,,,,Error fetching page: 404 Client Error: Not Found for url: https://www.bostonpublicschools.org/school/higginson-inclusion-k0-2-school-kennedy-academy-for-health
(K0-1) Higginson-Lewis 3-8 School (3-8) John F Kennedy Elementary (K0-6),https://www.bostonpublicschools.org/school/k0-1-higginson-lewis-3-8-school-3-8-john-f-kennedy-elementary-k0-6,,,,,,,,,,Error fetching page: 404 Client Error: Not Found for url: https://www.bostonpublicschools.org/school/k0-1-higginson-lewis-3-8-school-3-8-john-f-kennedy-elementary-k0-6
Henderson K-12 Inclusion School Patrick J. Kennedy Elementary,https://www.bostonpublicschools.org/school/henderson-k-12-inclusion-school-patrick-j-kennedy-elementary,,,,,,,,,,Error fetching page: 404 Client Error: Not Found for url: https://www.bostonpublicschools.org/school/henderson-k-12-inclusion-school-patrick-j-kennedy-elementary
"1669 Dorchester Ave, Dorchester 40 School St, Dorchester 242 Bennington St., East Boston",https://www.bostonpublicschools.org/school/1669-dorchester-ave-dorchester-40-school-st-dorchester-242-bennington-st-east-boston,,,,,,,,,,Error fetching page: 404 Client Error: Not Found for url: https://www.bostonpublicschools.org/school/1669-dorchester-ave-dorchester-40-school-st-dorchester-242-bennington-st-east-boston
Henderson K-12 Inclusion School Horace Mann School for the Deaf &,https://www.bostonpublicschools.org/school/henderson-k-12-inclusion-school-horace-mann-school-for-the-deaf,,,,,,,,,,Error fetching page: 404 Client Error: Not Found for url: https://www.bostonpublicschools.org/school/henderson-k-12-inclusion-school-horace-mann-school-for-the-deaf
Kilmer K-8 School (Lower Campus),https://www.bostonpublicschools.org/school/kilmer-k-8-school-lower-campus,,,,,,,,,,Error fetching page: 404 Client Error: Not Found for url: https://www.bostonpublicschools.org/school/kilmer-k-8-school-lower-campus
Hennigan Elementary (K0-6) Hurley K-8 School (K0*-8) (K0*-3),https://www.bostonpublicschools.org/school/hennigan-elementary-k0-6-hurley-k-8-school-k0-8-k0-3,,,,,,,,,,Error fetching page: 404 Client Error: Not Found for url: https://www.bostonpublicschools.org/school/hennigan-elementary-k0-6-hurley-k-8-school-k0-8-k0-3
Kennedy Academy for Health Kilmer K-8 School (Upper Campus),https://www.bostonpublicschools.org/school/kennedy-academy-for-health-kilmer-k-8-school-upper-campus,,,,,,,,,,Error fetching page: 404 Client Error: Not Found for url: https://www.bostonpublicschools.org/school/kennedy-academy-for-health-kilmer-k-8-school-upper-campus
"61 School St, Roxbury 152 Arlington Street, Boston 140 Russett Rd, West Roxbury",https://www.bostonpublicschools.org/school/61-school-st-roxbury-152-arlington-street-boston-140-russett-rd-west-roxbury,,,,,,,,,,Error fetching page: 404 Client Error: Not Found for url: https://www.bostonpublicschools.org/school/61-school-st-roxbury-152-arlington-street-boston-140-russett-rd-west-roxbury
"King Elementary (K0*-6) Manning Elementary (K0*-6) McKay K-8 School (K0-8)
77 Lawrence Ave, Dorchester 130 Louders Lane, Jamaica Plain 122 Cottage St, East Boston
Mr. Rakeem Pinckney: 617-635-8212 Jessica Council: 617-635-8102 David Ramos: 857-332-1481
11/21/2025: 9:30 AM - 10:30 AM, (V) 11/18/2025: 10:00 AM - 11:00 AM, (P) 11/19/2025: 9:00 AM - 10:00 AM, (P)",https://www.bostonpublicschools.org/school/king-elementary-k0-6-manning-elementary-k0-6-mckay-k-8-school-k0-8-77-lawrence-ave-dorchester-130-louders-lane-jamaica-plain-122-cottage-st-east-boston-mr-rakeem-pinckney-617-635-8212-jessica-council-617-635-8102-david-ramos-857-332-1481-11212025-930-am-1030-am-v-11182025-1000-am-1100-am-p-11192025-900-am-1000-am-p,,,,,,,,,,Error fetching page: 404 Client Error: Not Found for url: https://www.bostonpublicschools.org/school/king-elementary-k0-6-manning-elementary-k0-6-mckay-k-8-school-k0-8-77-lawrence-ave-dorchester-130-louders-lane-jamaica-plain-122-cottage-st-east-boston-mr-rakeem-pinckney-617-635-8212-jessica-council-617-635-8102-david-ramos-857-332-1481-11212025-930-am-1030-am-v-11182025-1000-am-1100-am-p-11192025-900-am-1000-am-p
"1/8/2026: 4:00 PM - 5:00 PM, (P) 1/12/2026: 10:00 AM - 11:00 AM, (V) 1/7/2026: 9:00 AM - 10:00 AM, (P)
Lee Academy (K1-3) Margarita Muniz Academy (7-12) Melvin H King - Elementary (K2-5)
25 Dunbar Av, Dorchester 20 Child St, Jamaica Plain 90 Warren Ave, Back Bay
Govi Tovar: 617-635-8618 Cecilia Soriano: 617-635-8198 Contact school for more information.
11/17/2025: 8:30 AM - 9:30 AM, (P) 11/19/2025: 9:00 AM - 10:00 AM, (P) Debbie O'Shea",https://www.bostonpublicschools.org/school/182026-400-pm-500-pm-p-1122026-1000-am-1100-am-v-172026-900-am-1000-am-p-lee-academy-k1-3-margarita-muniz-academy-7-12-melvin-h-king-elementary-k2-5-25-dunbar-av-dorchester-20-child-st-jamaica-plain-90-warren-ave-back-bay-govi-tovar-617-635-8618-cecilia-soriano-617-635-8198-contact-school-for-more-information-11172025-830-am-930-am-p-11192025-900-am-1000-am-p-debbie-oshea,,,,,,,,,,Error fetching page: 404 Client Error: Not Found for url: https://www.bostonpublicschools.org/school/182026-400-pm-500-pm-p-1122026-1000-am-1100-am-v-172026-900-am-1000-am-p-lee-academy-k1-3-margarita-muniz-academy-7-12-melvin-h-king-elementary-k2-5-25-dunbar-av-dorchester-20-child-st-jamaica-plain-90-warren-ave-back-bay-govi-tovar-617-635-8618-cecilia-soriano-617-635-8198-contact-school-for-more-information-11172025-830-am-930-am-p-11192025-900-am-1000-am-p-debbie-oshea
"1/15/2026: 12:00 PM - 1:00 PM, (V) 1/15/2026: 6:30 PM - 7:30 PM, (P) (617) 635-9978
Lee K-8 School (K0*-8) Mario Umana Academy (K0*-8) Melvin H King - Prep (9-12)
155 Talbot Ave, Dorchester 312 Border St, East Boston 97 Peterborough St, Fenway
Angela Batista: 617-635-8687 Reyna Alfaro: 617-635-8481 Contact school for more information.
11/18/2025: 9:00 AM - 9:45 AM, (V) 11/20/2025: 8:30 AM - 9:30 AM, (P) Debbie O'Shea",https://www.bostonpublicschools.org/school/1152026-1200-pm-100-pm-v-1152026-630-pm-730-pm-p-617-635-9978-lee-k-8-school-k0-8-mario-umana-academy-k0-8-melvin-h-king-prep-9-12-155-talbot-ave-dorchester-312-border-st-east-boston-97-peterborough-st-fenway-angela-batista-617-635-8687-reyna-alfaro-617-635-8481-contact-school-for-more-information-11182025-900-am-945-am-v-11202025-830-am-930-am-p-debbie-oshea,,,,,,,,,,Error fetching page: 404 Client Error: Not Found for url: https://www.bostonpublicschools.org/school/1152026-1200-pm-100-pm-v-1152026-630-pm-730-pm-p-617-635-9978-lee-k-8-school-k0-8-mario-umana-academy-k0-8-melvin-h-king-prep-9-12-155-talbot-ave-dorchester-312-border-st-east-boston-97-peterborough-st-fenway-angela-batista-617-635-8687-reyna-alfaro-617-635-8481-contact-school-for-more-information-11182025-900-am-945-am-v-11202025-830-am-930-am-p-debbie-oshea
"1/23/2026: 9:00 AM - 9:45 AM, (P) 1/29/2026: 8:30 AM - 9:30 AM, (P) (617) 635-9907
Melvin H King - South End Academy
Lyndon K-8 School (K0*-8) Mason Elementary (K0-5) (7-12)
20 Mt Vernon St, West Roxbury 150 Norfolk Ave, Roxbury 90 Warren Ave, Back Bay
Blanca Burgos: 617-635-6824 Benjamin Rockoff: 857-222-2885 Contact school for more information.
11/20/2025: 4:00 PM - 5:00 PM, (P) 11/14/2025: 10:00 AM - 11:00 AM, (P) Debbie O'Shea",https://www.bostonpublicschools.org/school/1232026-900-am-945-am-p-1292026-830-am-930-am-p-617-635-9907-melvin-h-king-south-end-academy-lyndon-k-8-school-k0-8-mason-elementary-k0-5-7-12-20-mt-vernon-st-west-roxbury-150-norfolk-ave-roxbury-90-warren-ave-back-bay-blanca-burgos-617-635-6824-benjamin-rockoff-857-222-2885-contact-school-for-more-information-11202025-400-pm-500-pm-p-11142025-1000-am-1100-am-p-debbie-oshea,,,,,,,,,,Error fetching page: 404 Client Error: Not Found for url: https://www.bostonpublicschools.org/school/1232026-900-am-945-am-p-1292026-830-am-930-am-p-617-635-9907-melvin-h-king-south-end-academy-lyndon-k-8-school-k0-8-mason-elementary-k0-5-7-12-20-mt-vernon-st-west-roxbury-150-norfolk-ave-roxbury-90-warren-ave-back-bay-blanca-burgos-617-635-6824-benjamin-rockoff-857-222-2885-contact-school-for-more-information-11202025-400-pm-500-pm-p-11142025-1000-am-1100-am-p-debbie-oshea
"1/20/2026: 5:30 PM - 6:30 PM, (V) 1/14/2026: 5:00 PM - 6:00 PM, (V) (617) 635-9976
Lyon Elementary (K0, K2-6) Mather Elementary (K0*-6) Mendell Elementary (K0*-6)
50 Beechcroft St, Brighton 24 Parish St, Dorchester 164 School St, Roxbury
Jacqueline Carolan, John Hynes, and Adeleine Mannion, Stacey Watford, and
Adonys Garcia: 617-635-7945 Veronica Rosario: 617-942-1239 Deniere Watford-Jackson: 617-635-8234
11/13/2025: 10:00 AM - 10:50 AM, (P) 11/19/2025: 10:00 AM - 11:00 AM, (P) 12/3/2025: 11:30 AM - 12:15 PM, (P)",https://www.bostonpublicschools.org/school/1202026-530-pm-630-pm-v-1142026-500-pm-600-pm-v-617-635-9976-lyon-elementary-k0-k2-6-mather-elementary-k0-6-mendell-elementary-k0-6-50-beechcroft-st-brighton-24-parish-st-dorchester-164-school-st-roxbury-jacqueline-carolan-john-hynes-and-adeleine-mannion-stacey-watford-and-adonys-garcia-617-635-7945-veronica-rosario-617-942-1239-deniere-watford-jackson-617-635-8234-11132025-1000-am-1050-am-p-11192025-1000-am-1100-am-p-1232025-1130-am-1215-pm-p,,,,,,,,,,Error fetching page: 404 Client Error: Not Found for url: https://www.bostonpublicschools.org/school/1202026-530-pm-630-pm-v-1142026-500-pm-600-pm-v-617-635-9976-lyon-elementary-k0-k2-6-mather-elementary-k0-6-mendell-elementary-k0-6-50-beechcroft-st-brighton-24-parish-st-dorchester-164-school-st-roxbury-jacqueline-carolan-john-hynes-and-adeleine-mannion-stacey-watford-and-adonys-garcia-617-635-7945-veronica-rosario-617-942-1239-deniere-watford-jackson-617-635-8234-11132025-1000-am-1050-am-p-11192025-1000-am-1100-am-p-1232025-1130-am-1215-pm-p
"1/29/2026: 10:00 AM - 10:50 AM, (P) 1/13/2026: 11:00 AM - 12:00 PM, (P) 1/28/2026: 11:30 AM - 12:15 PM, (P)
Madison Park Technical Vocational
High School (9-12) Mattahunt Elementary (K0*-6) Mildred Avenue K-8 School (K0*-8)
75 Malcolm X Blvd, Roxbury 123 Alabama St, Mattapan 5 Mildred Ave, Mattapan
Shakeen Stewart: 617-635-8970 x163 Kelsey Clermont: 857-693-3051 Clarence Mines: 617-671-4544
11/15/2025: 9:00 AM - 12:00 PM, (P) 12/2/2025: 8:30 AM - 9:30 AM, (P) 11/13/2025: 9:00 AM - 10:00 AM, (P)",https://www.bostonpublicschools.org/school/1292026-1000-am-1050-am-p-1132026-1100-am-1200-pm-p-1282026-1130-am-1215-pm-p-madison-park-technical-vocational-high-school-9-12-mattahunt-elementary-k0-6-mildred-avenue-k-8-school-k0-8-75-malcolm-x-blvd-roxbury-123-alabama-st-mattapan-5-mildred-ave-mattapan-shakeen-stewart-617-635-8970-x163-kelsey-clermont-857-693-3051-clarence-mines-617-671-4544-11152025-900-am-1200-pm-p-1222025-830-am-930-am-p-11132025-900-am-1000-am-p,,,,,,,,,,Error fetching page: 404 Client Error: Not Found for url: https://www.bostonpublicschools.org/school/1292026-1000-am-1050-am-p-1132026-1100-am-1200-pm-p-1282026-1130-am-1215-pm-p-madison-park-technical-vocational-high-school-9-12-mattahunt-elementary-k0-6-mildred-avenue-k-8-school-k0-8-75-malcolm-x-blvd-roxbury-123-alabama-st-mattapan-5-mildred-ave-mattapan-shakeen-stewart-617-635-8970-x163-kelsey-clermont-857-693-3051-clarence-mines-617-671-4544-11152025-900-am-1200-pm-p-1222025-830-am-930-am-p-11132025-900-am-1000-am-p
King Elementary (K0*-6) Manning Elementary (K0*-6) McKay K-8 School (K0-8),https://www.bostonpublicschools.org/school/king-elementary-k0-6-manning-elementary-k0-6-mckay-k-8-school-k0-8,,,,,,,,,,Error fetching page: 404 Client Error: Not Found for url: https://www.bostonpublicschools.org/school/king-elementary-k0-6-manning-elementary-k0-6-mckay-k-8-school-k0-8
Lee Academy (K1-3) Margarita Muniz Academy (7-12) Melvin H King - Elementary (K2-5),https://www.bostonpublicschools.org/school/lee-academy-k1-3-margarita-muniz-academy-7-12-melvin-h-king-elementary-k2-5,,,,,,,,,,Error fetching page: 404 Client Error: Not Found for url: https://www.bostonpublicschools.org/school/lee-academy-k1-3-margarita-muniz-academy-7-12-melvin-h-king-elementary-k2-5
Lee K-8 School (K0*-8) Mario Umana Academy (K0*-8) Melvin H King - Prep (9-12),https://www.bostonpublicschools.org/school/lee-k-8-school-k0-8-mario-umana-academy-k0-8-melvin-h-king-prep-9-12,,,,,,,,,,Error fetching page: 404 Client Error: Not Found for url: https://www.bostonpublicschools.org/school/lee-k-8-school-k0-8-mario-umana-academy-k0-8-melvin-h-king-prep-9-12
Melvin H King - South End Academy,https://www.bostonpublicschools.org/school/melvin-h-king-south-end-academy,,,,,,,,,,Error fetching page: 404 Client Error: Not Found for url: https://www.bostonpublicschools.org/school/melvin-h-king-south-end-academy
Lyndon K-8 School (K0*-8) Mason Elementary (K0-5) (7-12),https://www.bostonpublicschools.org/school/lyndon-k-8-school-k0-8-mason-elementary-k0-5-7-12,,,,,,,,,,Error fetching page: 404 Client Error: Not Found for url: https://www.bostonpublicschools.org/school/lyndon-k-8-school-k0-8-mason-elementary-k0-5-7-12
"50 Beechcroft St, Brighton 24 Parish St, Dorchester 164 School St, Roxbury",https://www.bostonpublicschools.org/school/50-beechcroft-st-brighton-24-parish-st-dorchester-164-school-st-roxbury,,,,,,,,,,Error fetching page: 404 Client Error: Not Found for url: https://www.bostonpublicschools.org/school/50-beechcroft-st-brighton-24-parish-st-dorchester-164-school-st-roxbury
High School (9-12) Mattahunt Elementary (K0*-6) Mildred Avenue K-8 School (K0*-8),https://www.bostonpublicschools.org/school/high-school-9-12-mattahunt-elementary-k0-6-mildred-avenue-k-8-school-k0-8,,,,,,,,,,Error fetching page: 404 Client Error: Not Found for url: https://www.bostonpublicschools.org/school/high-school-9-12-mattahunt-elementary-k0-6-mildred-avenue-k-8-school-k0-8
"Mozart Elementary (K0*-6) Ohrenberger School (3-8) Quincy Upper School (6-12)
236 Beech St, Roslindale 175 W Boundary Rd, West Roxbury 900 Washington Street, Boston
Estrella Teneus: 617-635-8082 Terrance Johnson: 617-635-8157 Emily Tieu: 617-635-9000 x32621
11/19/2025: 8:00 AM - 9:00 AM, (P) 11/10/2025: 9:30 AM - 10:30 AM, (P) 11/17/2025: 4:00 PM - 6:00 PM, (P)",https://www.bostonpublicschools.org/school/mozart-elementary-k0-6-ohrenberger-school-3-8-quincy-upper-school-6-12-236-beech-st-roslindale-175-w-boundary-rd-west-roxbury-900-washington-street-boston-estrella-teneus-617-635-8082-terrance-johnson-617-635-8157-emily-tieu-617-635-9000-x32621-11192025-800-am-900-am-p-11102025-930-am-1030-am-p-11172025-400-pm-600-pm-p,,,,,,,,,,Error fetching page: 404 Client Error: Not Found for url: https://www.bostonpublicschools.org/school/mozart-elementary-k0-6-ohrenberger-school-3-8-quincy-upper-school-6-12-236-beech-st-roslindale-175-w-boundary-rd-west-roxbury-900-washington-street-boston-estrella-teneus-617-635-8082-terrance-johnson-617-635-8157-emily-tieu-617-635-9000-x32621-11192025-800-am-900-am-p-11102025-930-am-1030-am-p-11172025-400-pm-600-pm-p
"1/16/2026: 12:00 PM - 1:00 PM, (V) 1/12/2026: 12:00 PM - 1:00 PM, (P) 1/22/2026: 4:00 PM - 6:00 PM, (P)
Murphy K-8 School (K0-8) Orchard Gardens K-8 School (K0*-8) Roosevelt K-8 School (K0*-1)
1 Worrell St, Dorchester 906 Albany St, Roxbury 30 Millstone Rd, Hyde Park
Krystal Semper & Nikkisha Burke: Venus Trent-Pinckney: 617-635-8676
Truc Lai: 617-635-8781 617-635-1656 x10934
11/4/2025: 9:00 AM - 10:00 AM, (P) 11/18/2025: 9:00 AM - 10:00 AM, (P) 12/2/2025: 1:00 PM - 2:00 PM, (P)",https://www.bostonpublicschools.org/school/1162026-1200-pm-100-pm-v-1122026-1200-pm-100-pm-p-1222026-400-pm-600-pm-p-murphy-k-8-school-k0-8-orchard-gardens-k-8-school-k0-8-roosevelt-k-8-school-k0-1-1-worrell-st-dorchester-906-albany-st-roxbury-30-millstone-rd-hyde-park-krystal-semper-nikkisha-burke-venus-trent-pinckney-617-635-8676-truc-lai-617-635-8781-617-635-1656-x10934-1142025-900-am-1000-am-p-11182025-900-am-1000-am-p-1222025-100-pm-200-pm-p,,,,,,,,,,Error fetching page: 404 Client Error: Not Found for url: https://www.bostonpublicschools.org/school/1162026-1200-pm-100-pm-v-1122026-1200-pm-100-pm-p-1222026-400-pm-600-pm-p-murphy-k-8-school-k0-8-orchard-gardens-k-8-school-k0-8-roosevelt-k-8-school-k0-1-1-worrell-st-dorchester-906-albany-st-roxbury-30-millstone-rd-hyde-park-krystal-semper-nikkisha-burke-venus-trent-pinckney-617-635-8676-truc-lai-617-635-8781-617-635-1656-x10934-1142025-900-am-1000-am-p-11182025-900-am-1000-am-p-1222025-100-pm-200-pm-p
"1/20/2026: 9:00 AM - 10:00 AM, (P) 1/15/2026: 5:00 PM - 6:00 PM, (V) 2/3/2026: 1:00 PM - 2:00 PM, (P)
New Mission High School (7-12) Otis Elementary (K1-6) Roosevelt K-8 School (2-8)
655 Metropolitan Avenue, Hyde Park 218 Marion St, East Boston 95 Needham Rd, Hyde Park
Venus Trent-Pinckney: 617-635-8676
Lynette Skerritt: 617-635-6437 Jessica Osorio: 617-635-8372 x10934
11/12/2025: 6:00 PM - 8:00 PM, (P) 11/10/2025: 9:00 AM - 10:00 AM, (P) 12/2/2025: 9:00 AM - 10:00 AM, (P)",https://www.bostonpublicschools.org/school/1202026-900-am-1000-am-p-1152026-500-pm-600-pm-v-232026-100-pm-200-pm-p-new-mission-high-school-7-12-otis-elementary-k1-6-roosevelt-k-8-school-2-8-655-metropolitan-avenue-hyde-park-218-marion-st-east-boston-95-needham-rd-hyde-park-venus-trent-pinckney-617-635-8676-lynette-skerritt-617-635-6437-jessica-osorio-617-635-8372-x10934-11122025-600-pm-800-pm-p-11102025-900-am-1000-am-p-1222025-900-am-1000-am-p,,,,,,,,,,Error fetching page: 404 Client Error: Not Found for url: https://www.bostonpublicschools.org/school/1202026-900-am-1000-am-p-1152026-500-pm-600-pm-v-232026-100-pm-200-pm-p-new-mission-high-school-7-12-otis-elementary-k1-6-roosevelt-k-8-school-2-8-655-metropolitan-avenue-hyde-park-218-marion-st-east-boston-95-needham-rd-hyde-park-venus-trent-pinckney-617-635-8676-lynette-skerritt-617-635-6437-jessica-osorio-617-635-8372-x10934-11122025-600-pm-800-pm-p-11102025-900-am-1000-am-p-1222025-900-am-1000-am-p
"1/28/2026: 6:00 PM - 8:00 PM, (P) 1/12/2026: 9:00 AM - 10:00 AM, (P) 2/3/2026: 9:00 AM - 10:00 AM, (P)
Newcomers Academy (9-12) Perkins Elementary (K0*-6) Russell Elementary (K0*-6)
100 Maxwell St, Dorchester 50 Rev Burke St, South Boston 750 Columbia Rd, Dorchester
Lydia Woodfill - Family Liaison:
Yaritza Sanchez: 857-321-8957 Heela Roshan: 617-635-8601 617-636-8803
11/18/2025: 10:00 AM - 12:00 PM, (P) 11/14/2025: 9:00 AM - 10:00 AM, (P) 12/1/2025: 9:00 AM - 10:00 AM, (P)",https://www.bostonpublicschools.org/school/1282026-600-pm-800-pm-p-1122026-900-am-1000-am-p-232026-900-am-1000-am-p-newcomers-academy-9-12-perkins-elementary-k0-6-russell-elementary-k0-6-100-maxwell-st-dorchester-50-rev-burke-st-south-boston-750-columbia-rd-dorchester-lydia-woodfill-family-liaison-yaritza-sanchez-857-321-8957-heela-roshan-617-635-8601-617-636-8803-11182025-1000-am-1200-pm-p-11142025-900-am-1000-am-p-1212025-900-am-1000-am-p,,,,,,,,,,Error fetching page: 404 Client Error: Not Found for url: https://www.bostonpublicschools.org/school/1282026-600-pm-800-pm-p-1122026-900-am-1000-am-p-232026-900-am-1000-am-p-newcomers-academy-9-12-perkins-elementary-k0-6-russell-elementary-k0-6-100-maxwell-st-dorchester-50-rev-burke-st-south-boston-750-columbia-rd-dorchester-lydia-woodfill-family-liaison-yaritza-sanchez-857-321-8957-heela-roshan-617-635-8601-617-636-8803-11182025-1000-am-1200-pm-p-11142025-900-am-1000-am-p-1212025-900-am-1000-am-p
"1/22/2026: 6:00 PM - 8:00 PM, (V) 1/23/2026: 1:00 PM - 2:00 PM, (P) 1/19/2026: 9:00 AM - 10:00 AM, (P)
O'Bryant School of Math & Science
(7-12) Perry Elementary (K0*-6) Ruth Batson Academy (7-12)
55 Malcolm X Blvd, Roxbury 745 E Seventh St, South Boston 315 Mt Vernon St, Dorchester
David MacLeod: 617-635-9940 Sasha Canzater: 617-635-8840 Amarielis Morales: 617-635-8657
11/14/2025: 8:00 AM - 10:00 AM, (P) 11/21/2025: 8:15 AM - 9:00 AM, (P) 12/4/2025: 5:00 PM - 6:30 PM, (P)",https://www.bostonpublicschools.org/school/1222026-600-pm-800-pm-v-1232026-100-pm-200-pm-p-1192026-900-am-1000-am-p-obryant-school-of-math-science-7-12-perry-elementary-k0-6-ruth-batson-academy-7-12-55-malcolm-x-blvd-roxbury-745-e-seventh-st-south-boston-315-mt-vernon-st-dorchester-david-macleod-617-635-9940-sasha-canzater-617-635-8840-amarielis-morales-617-635-8657-11142025-800-am-1000-am-p-11212025-815-am-900-am-p-1242025-500-pm-630-pm-p,,,,,,,,,,Error fetching page: 404 Client Error: Not Found for url: https://www.bostonpublicschools.org/school/1222026-600-pm-800-pm-v-1232026-100-pm-200-pm-p-1192026-900-am-1000-am-p-obryant-school-of-math-science-7-12-perry-elementary-k0-6-ruth-batson-academy-7-12-55-malcolm-x-blvd-roxbury-745-e-seventh-st-south-boston-315-mt-vernon-st-dorchester-david-macleod-617-635-9940-sasha-canzater-617-635-8840-amarielis-morales-617-635-8657-11142025-800-am-1000-am-p-11212025-815-am-900-am-p-1242025-500-pm-630-pm-p
Mozart Elementary (K0*-6) Ohrenberger School (3-8) Quincy Upper School (6-12),https://www.bostonpublicschools.org/school/mozart-elementary-k0-6-ohrenberger-school-3-8-quincy-upper-school-6-12,,,,,,,,,,Error fetching page: 404 Client Error: Not Found for url: https://www.bostonpublicschools.org/school/mozart-elementary-k0-6-ohrenberger-school-3-8-quincy-upper-school-6-12
Murphy K-8 School (K0-8) Orchard Gardens K-8 School (K0*-8) Roosevelt K-8 School (K0*-1),https://www.bostonpublicschools.org/school/murphy-k-8-school-k0-8-orchard-gardens-k-8-school-k0-8-roosevelt-k-8-school-k0-1,,,,,,,,,,Error fetching page: 404 Client Error: Not Found for url: https://www.bostonpublicschools.org/school/murphy-k-8-school-k0-8-orchard-gardens-k-8-school-k0-8-roosevelt-k-8-school-k0-1
New Mission High School (7-12) Otis Elementary (K1-6) Roosevelt K-8 School (2-8),https://www.bostonpublicschools.org/school/new-mission-high-school-7-12-otis-elementary-k1-6-roosevelt-k-8-school-2-8,,,,,,,,,,Error fetching page: 404 Client Error: Not Found for url: https://www.bostonpublicschools.org/school/new-mission-high-school-7-12-otis-elementary-k1-6-roosevelt-k-8-school-2-8
Newcomers Academy (9-12) Perkins Elementary (K0*-6) Russell Elementary (K0*-6),https://www.bostonpublicschools.org/school/newcomers-academy-9-12-perkins-elementary-k0-6-russell-elementary-k0-6,,,,,,,,,,Error fetching page: 404 Client Error: Not Found for url: https://www.bostonpublicschools.org/school/newcomers-academy-9-12-perkins-elementary-k0-6-russell-elementary-k0-6
O'Bryant School of Math & Science,https://www.bostonpublicschools.org/school/obryant-school-of-math-science,,,,,,,,,,Error fetching page: 404 Client Error: Not Found for url: https://www.bostonpublicschools.org/school/obryant-school-of-math-science
(7-12) Perry Elementary (K0*-6) Ruth Batson Academy (7-12),https://www.bostonpublicschools.org/school/7-12-perry-elementary-k0-6-ruth-batson-academy-7-12,,,,,,,,,,Error fetching page: 404 Client Error: Not Found for url: https://www.bostonpublicschools.org/school/7-12-perry-elementary-k0-6-ruth-batson-academy-7-12
"1/15/2026: 2:30 PM - 3:30 PM, (P) 1/29/2026: 9:30 AM - 10:30 AM, (P)
Shaw-Taylor Elementary (2-6) UP Academy Dorchester (K1-8)
1060 Morton St, Mattapan 35 Westville St 02124, Dorchester
Nancy Joseph: 617-635-8731 Sheila Afonseca: 617-845-7184
12/5/2025: 10:30 AM - 11:30 AM, (P) 11/12/2025: 2:45 PM - 3:15 PM, (P)",https://www.bostonpublicschools.org/school/1152026-230-pm-330-pm-p-1292026-930-am-1030-am-p-shaw-taylor-elementary-2-6-up-academy-dorchester-k1-8-1060-morton-st-mattapan-35-westville-st-02124-dorchester-nancy-joseph-617-635-8731-sheila-afonseca-617-845-7184-1252025-1030-am-1130-am-p-11122025-245-pm-315-pm-p,,,,,,,,,,Error fetching page: 404 Client Error: Not Found for url: https://www.bostonpublicschools.org/school/1152026-230-pm-330-pm-p-1292026-930-am-1030-am-p-shaw-taylor-elementary-2-6-up-academy-dorchester-k1-8-1060-morton-st-mattapan-35-westville-st-02124-dorchester-nancy-joseph-617-635-8731-sheila-afonseca-617-845-7184-1252025-1030-am-1130-am-p-11122025-245-pm-315-pm-p
"1/15/2026: 2:30 PM - 3:30 PM, (P) 1/21/2026: 2:45 PM - 3:15 PM, (P)
Snowden International High School
(9-12) UP Academy Holland (K1-6)
150 Newbury Street, Back Bay 85 Olney St, Dorchester
Jennifer Pimentel Martinez:
617-635-9989 Selina Ruiz: 617-635-8832
11/5/2025: 9:00 AM - 10:00 AM, (P) 11/11/2025: 8:00 AM - 1:30 PM, (P)",https://www.bostonpublicschools.org/school/1152026-230-pm-330-pm-p-1212026-245-pm-315-pm-p-snowden-international-high-school-9-12-up-academy-holland-k1-6-150-newbury-street-back-bay-85-olney-st-dorchester-jennifer-pimentel-martinez-617-635-9989-selina-ruiz-617-635-8832-1152025-900-am-1000-am-p-11112025-800-am-130-pm-p,,,,,,,,,,Error fetching page: 404 Client Error: Not Found for url: https://www.bostonpublicschools.org/school/1152026-230-pm-330-pm-p-1212026-245-pm-315-pm-p-snowden-international-high-school-9-12-up-academy-holland-k1-6-150-newbury-street-back-bay-85-olney-st-dorchester-jennifer-pimentel-martinez-617-635-9989-selina-ruiz-617-635-8832-1152025-900-am-1000-am-p-11112025-800-am-130-pm-p
"1/15/2026: 9:00 AM - 10:00 AM, (P) 1/30/2026: 8:00 AM - 1:30 PM, (P)
TechBoston Academy (7-12) Warren-Prescott K-8 School (K0*-8)
9 Peacevale Rd, Dorchester 50 School St, Charlestown
Gisely Rivera: 857-308-7882 Andreina Manana: 617-635-8346
11/14/2025: 11:30 AM - 12:30 PM, (P) 11/14/2025: 10:00 AM - 11:00 AM, (P)",https://www.bostonpublicschools.org/school/1152026-900-am-1000-am-p-1302026-800-am-130-pm-p-techboston-academy-7-12-warren-prescott-k-8-school-k0-8-9-peacevale-rd-dorchester-50-school-st-charlestown-gisely-rivera-857-308-7882-andreina-manana-617-635-8346-11142025-1130-am-1230-pm-p-11142025-1000-am-1100-am-p,,,,,,,,,,Error fetching page: 404 Client Error: Not Found for url: https://www.bostonpublicschools.org/school/1152026-900-am-1000-am-p-1302026-800-am-130-pm-p-techboston-academy-7-12-warren-prescott-k-8-school-k0-8-9-peacevale-rd-dorchester-50-school-st-charlestown-gisely-rivera-857-308-7882-andreina-manana-617-635-8346-11142025-1130-am-1230-pm-p-11142025-1000-am-1100-am-p
"1/14/2026: 5:00 PM - 6:00 PM, (V) 1/8/2026: 10:00 AM - 11:00 AM, (P)
Tobin K-8 School (K0-8) Winship Elementary (K0*-6)
40 Smith St, Roxbury 54 Dighton St, Brighton
Angie Pino: 617-635-8393 Kenisha Allen-Daley: 617-635-8399
11/14/2025: 8:00 AM - 9:00 AM, (P) 12/4/2025: 10:00 AM - 11:00 AM, (P)",https://www.bostonpublicschools.org/school/1142026-500-pm-600-pm-v-182026-1000-am-1100-am-p-tobin-k-8-school-k0-8-winship-elementary-k0-6-40-smith-st-roxbury-54-dighton-st-brighton-angie-pino-617-635-8393-kenisha-allen-daley-617-635-8399-11142025-800-am-900-am-p-1242025-1000-am-1100-am-p,,,,,,,,,,Error fetching page: 404 Client Error: Not Found for url: https://www.bostonpublicschools.org/school/1142026-500-pm-600-pm-v-182026-1000-am-1100-am-p-tobin-k-8-school-k0-8-winship-elementary-k0-6-40-smith-st-roxbury-54-dighton-st-brighton-angie-pino-617-635-8393-kenisha-allen-daley-617-635-8399-11142025-800-am-900-am-p-1242025-1000-am-1100-am-p
Shaw-Taylor Elementary (2-6) UP Academy Dorchester (K1-8),https://www.bostonpublicschools.org/school/shaw-taylor-elementary-2-6-up-academy-dorchester-k1-8,,,,,,,,,,Error fetching page: 404 Client Error: Not Found for url: https://www.bostonpublicschools.org/school/shaw-taylor-elementary-2-6-up-academy-dorchester-k1-8
Snowden International High School,https://www.bostonpublicschools.org/school/snowden-international-high-school,,,,,,,,,,Error fetching page: 404 Client Error: Not Found for url: https://www.bostonpublicschools.org/school/snowden-international-high-school
(9-12) UP Academy Holland (K1-6),https://www.bostonpublicschools.org/school/9-12-up-academy-holland-k1-6,,,,,,,,,,Error fetching page: 404 Client Error: Not Found for url: https://www.bostonpublicschools.org/school/9-12-up-academy-holland-k1-6
TechBoston Academy (7-12) Warren-Prescott K-8 School (K0*-8),https://www.bostonpublicschools.org/school/techboston-academy-7-12-warren-prescott-k-8-school-k0-8,,,,,,,,,,Error fetching page: 404 Client Error: Not Found for url: https://www.bostonpublicschools.org/school/techboston-academy-7-12-warren-prescott-k-8-school-k0-8
"9 Peacevale Rd, Dorchester 50 School St, Charlestown",https://www.bostonpublicschools.org/school/9-peacevale-rd-dorchester-50-school-st-charlestown,,,,,,,,,,Error fetching page: 404 Client Error: Not Found for url: https://www.bostonpublicschools.org/school/9-peacevale-rd-dorchester-50-school-st-charlestown
Tobin K-8 School (K0-8) Winship Elementary (K0*-6),https://www.bostonpublicschools.org/school/tobin-k-8-school-k0-8-winship-elementary-k0-6,,,,,,,,,,Error fetching page: 404 Client Error: Not Found for url: https://www.bostonpublicschools.org/school/tobin-k-8-school-k0-8-winship-elementary-k0-6
