Program_Type,School Name,Program Grade Levels,Times,Address,School Grade Levels
Early Childhood Center - Based,Blackstone Elementary,K0 - K1,8:25 AM - 3:05 PM,"380 Shawmut Ave South End, MA 02118",K0 - 6
Early Childhood Center - Based,Channing Elementary,K0 - K1,8:30 AM - 3:00 PM,"35 Sunnyside St Hyde Park, MA 02136",K0 - 6
Early Childhood Center - Based,Condon K-8,K0 - K1,8:30 AM - 3:10 PM,"200 D St South Boston, MA 02127",K0 - 8
Early Childhood Center - Based,Conley Elementary,K0 - K1,8:30 AM - 3:10 PM,"450 Poplar St Roslindale, MA 02131",K0 - 6
Early Childhood Center - Based,Grew Elementary,K0 - K1,8:30 AM - 3:00 PM,"40 Gordon Ave Hyde Park, MA 02136",K0 - 6
Early Childhood Center - Based,Harvard/Kent Elementary,K0 - K1,9:30 AM - 4:10 PM,"50 Bunker Hill St Charlestown, MA 02129",K0 - 6
Early Childhood Center - Based,Haynes Early Education Center,K0-K1,7:30 AM- 4:30 PM,"263 Blue Hill Avenue Roxbury, MA 02119",K0-1
Early Childhood Center - Based,Hurley K-8,K0 - K1,8:30 AM - 3:10 PM,"70 Worcester St South End, MA 02118",K0 - 8
Early Childhood Center - Based,"Kennedy, JF Elementary",K0 - K1,8:30 AM - 3:10 PM,"7 Bolster St Jamaica Plain, MA 02130",K1 - 6
Early Childhood Center - Based,"Kennedy, PJ Elementary",K0 - K1,8:30 AM - 3:10 PM,"343 Saratoga St East Boston, MA 02128",K0 - 6
Early Childhood Center - Based,Kenny Elementary,K0 - K1,9:30 AM - 4:10 PM,"19 Oakton Ave Dorchester, MA 02122",K0 - 6
Early Childhood Center - Based,King Elementary,K0 - K1,8:30 AM - 3:10 PM,"77 Lawrence Ave Dorchester, MA 02121",K0 - 6
Early Childhood Center - Based,Lyndon K-8,K0 - K1,9:30 AM - 3:30 PM,"20 Mt Vernon St West Roxbury, MA 02132",K0 - 8
Early Childhood Center - Based,Perry K-8,K0 - K1,9:30 AM - 4:10 PM,"745 E Seventh St South Boston, MA 02127",K1 - 6
Early Childhood Center - Based,Quincy Elementary,K0 - K1,9:30 AM - 4:10 PM,"885 Washington St South End, MA 02111",K0 - 5
Early Childhood Center - Based,Russell Elementary,K0 - K1,8:30 AM - 3:10 PM,"750 Columbia Rd Dorchester, MA 02125",K0 - 5
Early Childhood Center - Based,Shaw Elementary,K0-K1,9:30 AM - 4:10 PM,"429 Norfolk St Dorchester, MA 02124",K0 - 4
Early Childhood Center - Based,Tobin K-8,K0-K1,9:30 AM- 4:10 PM,"40 Smith Street Roxbury, MA 02120",K0 - 8
Early Childhood Center - Based,Trotter Elementary,K0 - K1,7:20 AM - 2:00 PM,"135 Humboldt Ave Dorchester, MA 02121",K0 - 6
Early Childhood Center - Based,Winship Elementary,K0 - K1,9:30 AM - 4:10 PM,"54 Dighton St Brighton, MA 02135",K0 - 6
ABA-Based Classrooms,Adams Elementary,K0 - 6,7:30 AM - 2:10 PM,"165 Webster St. East Boston, MA 02128",K0 - 6
ABA-Based Classrooms,Baldwin ELPA,K0 - K1,7:30am - 4:30pm; 11:30am Wed,"121 Corey Rd Brighton, MA 02135",K0 - 1
ABA-Based Classrooms,Boston Teachers Union K-8 Pilot,K0 - 6,8:30 AM - 3:00 PM,"25 Walk Hill St Jamaica Plain, MA 02130",K0 - 8
ABA-Based Classrooms,Channing Elementary,K0 - 6,8:30 AM - 3:00 PM,"35 Sunnyside St Hyde Park, MA 02136",K0 - 6
ABA-Based Classrooms,Charlestown High,7 - 12,7:30 AM - 1:50 PM,"240 Medford St Charlestown, MA 02129",7 - 12
ABA-Based Classrooms,Chittick Elementary,K0 - 6,8:30 AM - 3:10 PM,"154 Ruskindale Rd Mattapan, MA 02136",K0 - 6
ABA-Based Classrooms,Community Academy of Science and Health,9 - 12,7:30 AM - 1:50 PM,"11 Charles St Dorchester, MA 02122",9 - 12
ABA-Based Classrooms,Condon K-8,K0 - K1,8:30 AM - 3:10 PM,"200 D St South Boston, MA 02127",K0 - 8
ABA-Based Classrooms,Curley K-8,K0 - 8,8:30 AM - 3:10 PM,"40 Pershing Rd Jamaica Plain, MA 02130",K0 - 8
ABA-Based Classrooms,Fenway High,9 - 12,8:45 AM - 3:35 PM,"67 Alleghany Street Fenway, MA 02215",9 - 12
ABA-Based Classrooms,Haley Pilot K-8,K0 - K2,8:30 AM - 2:30 PM,"570 Amer Legion Hwy Roslindale, MA 02131",K0 - 8
ABA-Based Classrooms,Harvard/Kent Elementary,K0 - 1/td>,9:30 AM - 4:10 PM,"50 Bunker Hill St Charlestown, MA 02129",K0 - 6
ABA-Based Classrooms,Higginson Inclusion K0-2 School,K0 - 2,9:30 AM - 4:10 PM,"160 Harrishof Street Roxbury, MA 02119",K0 - 2
ABA-Based Classrooms,Higginson/Lewis K-8,3 - 8,9:30 AM - 4:10 PM,"131 Walnut Ave Roxbury, MA 02119",3 - 8
ABA-Based Classrooms,Holland School of Technology,7 - 12,7:25 AM - 2:35 PM,"60 Washington St Dorchester, MA 02121",7 - 12
ABA-Based Classrooms,Holmes Elementary,K0 - K1,9:30 AM - 4:10 PM,"40 School St Dorchester, MA 02124",K0 - 6
ABA-Based Classrooms,Kilmer K-8 School (K-3),K0 - 3,9:30 AM - 4:10 PM,"35 Baker St West Roxbury, MA 02132",K0 - 3
ABA-Based Classrooms,Kilmer K-8 School (4-8),4 - 8,9:30 AM - 4:10 PM,"140 Russett Rd West Roxbury, MA 02132",4 - 8
ABA-Based Classrooms,King Elementary,K0 - 6,8:30 AM - 3:10 PM,"77 Lawrence Ave Dorchester, MA 02121",K0 - 6
ABA-Based Classrooms,Lee Academy,K0 - K1,9:30 AM - 3:30 PM,"25 Dunbar Av Dorchester, MA 02124",K0 - 3
ABA-Based Classrooms,Lee K-8,K0 - 8,7:30 AM - 2:10 PM,"155 Talbot Ave Dorchester, MA 02124",K0 - 8
ABA-Based Classrooms,Mattahunt Elementary,K0 - 6,7:30 AM - 2:10 PM,"123 Alabama St Mattapan, MA 02126",K0 - 6
ABA-Based Classrooms,Mildred Avenue K-8,K0 - 1,7:30 AM - 2:00 PM,"5 Mildred Ave Mattapan, MA 02126",K0 - 8
ABA-Based Classrooms,Murphy K-8,K0 - 1,8:30 AM - 3:10 PM,"1 Worrell St Dorchester, MA 02122",K0 - 8
ABA-Based Classrooms,New Mission High,7 - 12,7:45 AM - 2:30 PM,"655 Metropolitan Avenue Hyde Park, MA 02136",7 - 12
ABA-Based Classrooms,Orchard Gardens K-8,K0 - 8,7:25 AM - 2:25 PM,"906 Albany St Roxbury, MA 02119",K0 - 8
ABA-Based Classrooms,Perkins Elementary,K0 - 6,8:30 AM - 3:10 PM,"50 Rev Burke St South Boston, MA 02127",K0 - 6
ABA-Based Classrooms,Perry Elementary,K0 - K1,9:30 AM - 4:10 PM,"745 E Seventh St South Boston, MA 02127",K0 - 6
ABA-Based Classrooms,Ruth Batson Academy,7 - 12,7:55am - 2:20pm,"315 Mt Vernon St Dorchester, MA 02125",7 - 12
ABA-Based Classrooms,Tobin K-8,K0 - 7,9:30 AM - 4:10 PM,"40 Smith St Roxbury, MA 02120",K0 - 8
ABA-Based Classrooms,Trotter Elementary,K0 - 6,7:20 AM - 2:00 PM,"135 Humboldt Ave Dorchester, MA 02121",K0 - 6
ABA-Based Classrooms,Tynan Elementary,K0 - 6,8:30 AM - 3:10 PM,"650 E Fourth St South Boston, MA 02127",K0 - 6
ABA-Based Classrooms,Umana K-8,K0 - 8,7:20 AM - 2:00 PM,"312 Border St East Boston, MA 02128",K0 - 8
ABA-Based Classrooms,Warren/Prescott K-8,K0 - 7,8:30 AM - 3:10 PM,"50 School St Charlestown, MA 02129",K0 - 8
ABA-Based Classrooms,Winthrop Elementary,K0 - K1,8:30 AM - 3:00 PM,"35 Brookford St Dorchester, MA 02125",K0 - 6
Emotional Impairment (EI) - Externalizing,Another Course to College,9 - 12,8:00 AM - 2:30 PM,"612 Metropolitan Avenue. Hyde Park, MA 02136",9 - 12
Emotional Impairment (EI) - Externalizing,Beethoven Elementary,K2 - 2,8:30 AM - 3:10 PM,"5125 Washington St. West Roxbury, MA 02132",K1 - 2
Emotional Impairment (EI) - Externalizing,Brighton High,7 - 12,7:30 AM - 2:25 PM,"25 Warren St Brighton, MA 02135",7 - 12
Emotional Impairment (EI) - Externalizing,Edison Elementary,K2 - 6,8:30 AM - 3:10 PM,"60 Glenmont Rd Brighton, MA 02135",K1 - 6
Emotional Impairment (EI) - Externalizing,Ellis Elementary,1 - 6,9:30 AM - 4:10 PM,"302 Walnut Ave Roxbury, MA 02119",K1 - 6
Emotional Impairment (EI) - Externalizing,Excel High,11 - 12,7:25 AM - 2:10 PM,"95 G St South Boston, MA 02127",9 - 12
Emotional Impairment (EI) - Externalizing,Greenwood K-8,3 - 8,8:30 AM - 3:10 PM,"186 Glenway Street Dorchester, MA 02121",K1 - 8
Emotional Impairment (EI) - Externalizing,Harvard/Kent Elementary,K2 - 6,9:30 AM - 4:10 PM,"50 Bunker Hill St Charlestown, MA 02129",K0 - 6
Emotional Impairment (EI) - Externalizing,Murphy K-8,4 - 8,8:30 AM - 3:10 PM,"1 Worrell St Dorchester, MA 02122",K0 - 8
Emotional Impairment (EI) - Externalizing,Ohrenberger,3 - 8,8:30 AM - 3:10 PM,"175 W Boundary Rd West Roxbury, MA 02132",3 - 8
Emotional Impairment (EI) - Externalizing,Ruth Batson Academy,7 - 12,7:55am - 2:20pm,"315 Mt Vernon St Dorchester, MA 02125",7 - 12
Emotional Impairment (EI) - Externalizing,TechBoston Academy 7-12,7 - 12,7:30 AM - 2:10 PM,"9 Peacevale Rd Dorchester, MA 02124",7 - 12
Emotional Impairment (EI) - Internalizing,East Boston High,9 - 12,7:30 AM - 1:50 PM,"86 White St East Boston, MA 02128",7 - 12
Emotional Impairment (EI) - Internalizing,English High,7 - 12,7:20 AM - 2:20 PM,"144 McBride St Jamaica Plain, MA 02130",7 - 12
Emotional Impairment (EI) - Internalizing,Snowden International High,9 - 12,7:40 AM - 2:15 PM,"140 Clarendon St Back Bay, MA 02116",9 - 12
Mild Intellectual Disabilities,Brighton High,9 - 12,7:30 AM - 2:25 PM,"25 Warren St Brighton, MA 02135",7 - 12
Mild Intellectual Disabilities,Charlestown High,9 - 12,7:30 AM - 1:50 PM,"240 Medford St Charlestown, MA 02129",7 - 12
Mild Intellectual Disabilities,Community Academy of Science and Health,9 - 12,7:30 AM - 1:50 PM,"11 Charles St Dorchester, MA 02122",9 - 12
Mild Intellectual Disabilities,Curley K-8,3 - 8,8:30 AM - 3:10 PM,"40 Pershing Rd Jamaica Plain, MA 02130",K- 8
Mild Intellectual Disabilities,East Boston High,9 - 12,7:30 AM - 1:50 PM,"86 White St East Boston, MA 02128",7 - 12
Mild Intellectual Disabilities,Excel High,11 - 12,7:25 AM - 2:10 PM,"95 G St South Boston, MA 02127",9 - 12
Mild Intellectual Disabilities,Lyndon K-8,1 - 8,9:30 AM - 3:30 PM,"20 Mt Vernon St West Roxbury, MA 02132",K1 - 8
Mild Intellectual Disabilities,Mildred Avenue K-8,6 - 8,7:30 AM - 2:00 PM,"5 Mildred Ave Mattapan, MA 02126",K0 - 8
Mild Intellectual Disabilities,Up Academy Holland,2 - 6,7:30 AM - 3:30 PM,"85 Olney St Dorchester, MA 02121",K1 - 6
Moderate Intellectual Disabilities,Brighton High,9 - 12,7:30 AM - 2:25 PM,"25 Warren St Brighton, MA 02135",7 - 12
Moderate Intellectual Disabilities,Charlestown High,7 - 12,7:30 AM - 1:50 PM,"240 Medford St Charlestown, MA 02129",7 - 12
Moderate Intellectual Disabilities,Community Academy of Science and Health,10 - 12,7:30 AM - 1:50 PM,"11 Charles St Dorchester, MA 02122",9 - 12
Moderate Intellectual Disabilities,Conley Elementary,K2 - 6,8:30 AM - 3:10 PM,"450 Poplar St Roslindale, MA 02131",K0 - 6
Moderate Intellectual Disabilities,East Boston High,9 - 12,7:30 AM - 1:50 PM,"86 White St East Boston, MA 02128",7 - 12
Moderate Intellectual Disabilities,Mildred Avenue K-8,7 - 8,7:30 AM - 2:00 PM,"5 Mildred Ave Mattapan, MA 02126",K1 - 8
Moderate Intellectual Disabilities,Perry Elementary,K2 - 6,9:30 AM - 4:10 PM,"745 E Seventh St South Boston, MA 02127",K1 - 6
Moderate Intellectual Disabilities,Shaw-Taylor Elementary,K2 - 6,9:30 AM - 4:10 PM,"1060 Morton St Mattapan, MA 02126",K0 - 6
Moderate Intellectual Disabilities,Umana K-8,K2 - 8,7:20 AM - 2:00 PM,"312 Border St East Boston, MA 02128",K0 - 8
Severe Intellectual Disabilities/Multiple Disabilities,Blackstone Elementary,K0 - 6,8:25 AM - 3:05 PM,"380 Shawmut Ave South End, MA 02118",K0 - 6
Severe Intellectual Disabilities/Multiple Disabilities,Carter,K0 - 12,9:30am - 3:30pm,"396 Northampton St Boston, MA 02118",K0 - 12
Severe Intellectual Disabilities/Multiple Disabilities,Charlestown High,9 - 12,7:30 AM - 1:50 PM,"240 Medford St Charlestown, MA 02129",K0 - 12
Severe Intellectual Disabilities/Multiple Disabilities,English High,9 - 12,7:20 AM - 2:20 PM,"144 McBride St Jamaica Plain, MA 02130",7 - 12
Severe Intellectual Disabilities/Multiple Disabilities,Murphy K-8,K0 - 8,8:30 AM - 3:10 PM,"1 Worrell St Dorchester, MA 02122",K0 - 8
Severe Intellectual Disabilities/Multiple Disabilities,Quincy Elementary,K0 - 5,9:30 AM - 4:10 PM,"885 Washington St South End, MA 02111",K0 - 5
Severe Intellectual Disabilities/Multiple Disabilities,Quincy Upper,6 - 7,Grades 6-7: 8:30am - 3:30pm; 12:10pm Wed Grades 8-12: 7:40am - 2:40pm; 11:20pm Wed,"900 Washington St Boston, MA 02111",6 - 12
Specific Learning Disabilities,Brighton High,7 - 12,7:30 AM - 2:25 PM,"25 Warren St Brighton, MA 02135",7 - 12
Specific Learning Disabilities,Charlestown High,7 - 12,7:30 AM - 1:50 PM,"240 Medford St Charlestown, MA 02129",7 - 12
Specific Learning Disabilities,Community Academy of Science and Health,9 - 12,7:30 AM - 1:50 PM,"11 Charles St Dorchester, MA 02122",9 - 12
Specific Learning Disabilities,Condon K-8,4 - 8,8:30 AM - 3:10 PM,"200 D St South Boston, MA 02127",K0 - 8
Specific Learning Disabilities,East Boston High School,7 - 12,7:30 AM - 1:50 PM,"86 White St East Boston, MA 02128",7 - 12
Specific Learning Disabilities,Eliot K-8 Innovation School - Intermediate,3 - 4,8:30 AM - 3:10 PM,"173 Salem Street North End, MA 02113",2 - 4
Specific Learning Disabilities,Eliot K-8 Innovation School - Upper,5 - 8,8:30 AM - 3:10 PM,"585 Commercial St North End, MA 02113",5 - 8
Specific Learning Disabilities,Excel High,11 - 12,7:25 AM - 2:10 PM,"95 G St South Boston, MA 02127",9 - 12
Specific Learning Disabilities,Fenway High,9 - 12,8:45 AM - 3:35 PM,"67 Alleghany Street Fenway, MA 02215",9 - 12
Specific Learning Disabilities,Hennigan K-8,4 - 6,9:30 AM - 4:10 PM,"200 Heath St Jamaica Plain, MA 02130",K2 - 8
Specific Learning Disabilities,Kenny Elementary,3 - 6,9:30 AM - 4:10 PM,"19 Oakton Ave Dorchester, MA 02122",K0 - 6
Specific Learning Disabilities,Mather Elementary,2 - 6,9:30 AM - 4:10 PM,"24 Parish St Dorchester, MA 02122",K1 - 6
Specific Learning Disabilities,New Mission High,7 - 12,7:45 AM - 2:30 PM,"655 Metropolitan Avenue Hyde Park, MA 02136",7 - 12
Specific Learning Disabilities,Quincy Elementary,2 - 5,9:30 AM - 4:10 PM,"885 Washington St South End, MA 02111",K0 - 5
Specific Learning Disabilities,Quincy Upper School,6 - 12,7:50 AM - 2:50 PM,"152 Arlington St Boston, MA 02116",6 - 12
Specific Learning Disabilities,Sarah Roberts Elementary,2 - 6,9:30am - 4:10pm,"105 Cummins Hwy, Roslindale, MA 02131",K1 - 6
Specific Learning Disabilities,Snowden International High,9 - 12,7:40 AM - 2:15 PM,"140 Clarendon St Back Bay, MA 02116",9 - 12
Specific Learning Disabilities,TechBoston Academy 6-12,7 - 11,7:30 AM - 2:10 PM,"9 Peacevale Rd Dorchester, MA 02124",6 - 12
Public Day Schools,Carter High,9:30 AM - 3:30 PM,"270 Columbia Rd Dorchester, MA 02121",7 - 12,Severe Multiple Disabilities
Public Day Schools,Horace Mann School for the Deaf & Hard of Hearing,7:20 AM - 2:10 PM,"40 Armington St Allston, MA 02134",K0 - 12,Hearing Impairment
Public Day Schools,Mel H King Elementary,9:30 AM - 3:30 PM,"90 Warren Ave Back Bay, MA 02116",K0 - 6,Emotional Impairment - Externalizing
Public Day Schools,Mel H King Middle,9:30 AM - 3:40 PM,"50 St Mary St Fenway, MA 02215",5 - 8,Emotional Impairment - Externalizing
Public Day Schools,Mel H King Prep High School,7:20 AM - 1:40 PM,"97 Peterborough St Fenway, MA 02215",7 - 12,Emotional Impairment - Externalizing
Public Day Schools,Mel H King South End Academy,7:20 AM - 1:40 PM,"90 Warren Ave Back Bay, MA 02116",5 - 12,Emotional Impairment - Externalizing
Special Admission Schools,Boston Arts Academy,8:00am - 3:55pm;12:50pm Fri,"174 Ipswich Street Fenway, MA 02215",9 - 12,Boston Arts Academy
Special Admission Schools,Boston Day and Evening Academy (in-district charter),"Day: 9:00am - 2:30pm; 1:20pm Wed, Fri","20 Kearsarge Ave Roxbury, MA 02119",9 - 12,Boston Day and Evening Academy
Special Admission Schools,Boston Green Academy (in-district charter),8:00am - 3:00pm; 12:00pm Wed,"20 Warren Street Brighton, MA 02135",7 - 12,Boston Green Academy
Special Admission Schools,Boston Latin Academy,7:20am - 1:40pm,"205 Townsend St Boston, MA 02121",7 - 12,BPS Exam Schools
Special Admission Schools,Boston Latin School,7:45am - 2:15pm,"78 Avenue Louis Pasteur Boston, MA 02115",7 - 12,BPS Exam Schools
Special Admission Schools,Dudley Street Neighborhood School (in-district charter),8:45am - 4:15pm; 12:30pm Thr,"6 Shirley St Roxbury, MA 02119",K1 - 5,Dudley Street Neighborhood Charter School
Special Admission Schools,Edward M Kennedy Health Careers Academy 9-10 (in-district charter),8:30am - 3:30pm; 1:30pm Wed,"10 Fenwood Rd Boston, MA 02115",9 - 10,Kennedy Academy
Special Admission Schools,Edward M Kennedy Health Careers Academy 11-12 (in-district charter),8:00 AM - 3:00 PM; 1:30pm Wed,"384 Warren St Rox bury, MA 02119",11 - 12,Kennedy Academy
Special Admission Schools,Madison Park Vocational and Technical High School,7:30am - 2:35pm,"75 Malcolm X Blvd Roxbury, MA 02120",9 - 12,Madison Park Technical Vocational High School
Special Admission Schools,O’Bryant School of Math & Science,7:20am - 1:45pm,"55 Malcolm X Blvd Roxbury, MA 02120",6 - 8,BPS Exam Schools
Special Admission Schools,UP Academy Boston (in-district charter),7:35am - 3:00pm; 1:00pm Fri,"215 Dorchester St South Boston, MA 02127",6 - 8,UP Education Network - Boston
Special Admission Schools,UP Academy Dorchester (in-district charter),7:45am - 3:10pm; 12:30pm Wed,"35 Westville St Dorchester, MA 02124",K1 - 8,UP Education Network - Dorchester
